Contributors,Dependencies,Dependent packages,Dependent repositories,First release,Forks,Latest release,Repository size,Stars,Total releases,Watchers,homepage,name,pkg_link,repo_link
441,3,907,115K,"Nov 13, 2009",5.57K,about 1 month ago,1.73 GB,17.2K,186,"1,322",https://github.com/SeleniumHQ/selenium,selenium-webdriver,https://rubygems.org/gems/selenium-webdriver/versions/4.0.0.alpha5,https://github.com/SeleniumHQ/selenium
134,2,0,0,"Sep 24, 2013",2.36K,"Nov  5, 2013",54.6 MB,12.6K,15,717,https://github.com/twitter/zipkin,ruby-zipkin,https://rubygems.org/gems/ruby-zipkin/versions/0.2.909,https://github.com/twitter/zipkin
134,1,0,0,"Jun 12, 2012",2.36K,"Aug 10, 2012",54.6 MB,12.6K,4,717,https://github.com/twitter/zipkin,zipkin-query,https://rubygems.org/gems/zipkin-query/versions/0.1.0,https://github.com/twitter/zipkin
134,3,0,0,"Nov  5, 2013",2.36K,"Feb 14, 2014",54.6 MB,12.6K,9,717,https://github.com/twitter/zipkin,rubyzipkin,https://rubygems.org/gems/rubyzipkin/versions/0.4.6,https://github.com/twitter/zipkin
234,0,7,4,"May  8, 2012",1.7K,"Mar 12, 2015",15.7 MB,6.94K,5,412,https://dropwizard.github.io/metrics,metrics-core-jars,https://rubygems.org/gems/metrics-core-jars/versions/3.1.1,https://github.com/dropwizard/metrics
234,1,0,0,"Nov  4, 2014",1.7K,"Mar 17, 2015",15.7 MB,6.94K,2,412,https://dropwizard.github.io/metrics,metrics-graphite-jars,https://rubygems.org/gems/metrics-graphite-jars/versions/3.1.1,https://github.com/dropwizard/metrics
171,0,7.62K,440K,"Jul 25, 2009",766,19 days ago,13.4 MB,5.41K,121,146,https://nokogiri.org,nokogiri,https://rubygems.org/gems/nokogiri/versions/1.11.0.rc2,https://github.com/sparklemotion/nokogiri
27,0,0,1,"Sep  8, 2013",2.18K,"Sep 10, 2014",336 MB,5.3K,2,670,https://github.com/ansjsun/ansj_seg,ansj_seg-jruby,https://rubygems.org/gems/ansj_seg-jruby/versions/0.0.2,https://github.com/ansjsun/ansj_seg
27,2,0,0,"Nov 22, 2016",2.18K,"Nov 22, 2016",336 MB,5.3K,1,670,https://github.com/NLPchina/ansj_seg,ansj_seg,https://rubygems.org/gems/ansj_seg/versions/0.0.1,https://github.com/NLPchina/ansj_seg
78,2,1,1,"Sep 29, 2018",574,"Aug 15, 2019",30.3 MB,2.88K,5,232,https://github.com/cucumber/dots-formatter-ruby,cucumber-formatter-dots,https://github.com/cucumber/cucumber,https://github.com/cucumber/dots-formatter-ruby
78,1,88,25.1K,"Nov 25, 2009",574,"Dec 10, 2019",30.3 MB,2.88K,144,232,https://github.com/cucumber/gherkin-ruby,gherkin,https://github.com/cucumber/cucumber,https://github.com/cucumber/gherkin-ruby
78,0,0,0,"Jan 10, 2020",574,6 days ago,30.3 MB,2.88K,4,232,https://github.com/cucumber/cucumber-expressions-ruby,cucumber-cucumber-expressions,https://github.com/cucumber/cucumber,https://github.com/cucumber/cucumber-expressions-ruby
78,1,1,0,about 1 month ago,574,5 days ago,30.3 MB,2.88K,3,232,https://github.com/cucumber/html-formatter-ruby,cucumber-html-formatter,https://github.com/cucumber/cucumber,https://github.com/cucumber/html-formatter-ruby
78,1,5,8,"Sep 15, 2018",574,6 days ago,30.3 MB,2.88K,30,232,https://github.com/cucumber/messages-ruby,cucumber-messages,https://github.com/cucumber/cucumber,https://github.com/cucumber/messages-ruby
78,0,8,910,"Sep 28, 2016",574,"Dec 10, 2019",30.3 MB,2.88K,40,232,https://github.com/cucumber/cucumber-expressions-ruby,cucumber-expressions,https://github.com/cucumber/cucumber,https://github.com/cucumber/cucumber-expressions-ruby
78,0,2,6,"Sep 24, 2018",574,"Sep 24, 2018",30.3 MB,2.88K,7,232,https://github.com/cucumber/cucumber-expressions-ruby,c21e,https://github.com/cucumber/cucumber,https://github.com/cucumber/cucumber-expressions-ruby
78,0,2,950,"Sep  1, 2016",574,"Jul 15, 2019",30.3 MB,2.88K,5,232,https://docs.cucumber.io/cucumber/api/#tag-expressions,cucumber-tag_expressions,https://rubygems.org/gems/cucumber-tag_expressions/versions/2.0.1,https://github.com/cucumber/cucumber
78,1,4,0,"Jan 10, 2020",574,6 days ago,30.3 MB,2.88K,6,232,https://github.com/cucumber/gherkin-ruby,cucumber-gherkin,https://github.com/cucumber/cucumber,https://github.com/cucumber/gherkin-ruby
78,0,0,0,"Dec 11, 2019",574,"Dec 11, 2019",30.3 MB,2.88K,1,232,https://cucumber.io/docs/cucumber/api/#tag-expressions,cucumber-tag-expressions,https://rubygems.org/gems/cucumber-tag-expressions/versions/2.0.3,https://github.com/cucumber/cucumber
43,0,0,0,"Oct 11, 2015",302,"Sep 21, 2017",4.18 MB,2.52K,2,151,https://github.com/google/open-location-code,open-location-code,https://rubygems.org/gems/open-location-code/versions/1.0.2,https://github.com/google/open-location-code
215,0,0,1,"Jan 15, 2012",1.77K,"Sep 17, 2017",23.4 MB,2.09K,44,230,http://github.com/cucumber/cucumber-jvm,cucumber-jvm,https://rubygems.org/gems/cucumber-jvm/versions/2.0.1,https://github.com/cucumber/cucumber-jvm
66,0,0,0,"Dec 18, 2016",1.01K,"Dec 20, 2016",237 MB,1.86K,3,48,http://asksusi.com,susi,https://rubygems.org/gems/susi/versions/0.5.0,https://github.com/fossasia/susi_server
49,1,0,0,"May 21, 2012",563,"May 21, 2012",83 MB,1.42K,1,170,http://github.com/mongodb/mongo-hadoop,mongo-hadoop,https://rubygems.org/gems/mongo-hadoop/versions/1.0.0,https://github.com/mongodb/mongo-hadoop
8,0,0,1,"Sep 10, 2014",562,"Sep 10, 2014",7.56 MB,1.39K,1,121,https://github.com/huaban/jieba-analysis,jieba-jruby,https://rubygems.org/gems/jieba-jruby/versions/0.0.1,https://github.com/huaban/jieba-analysis
45,1,76,113,"Jan 27, 2015",158,"Dec  6, 2017",5.68 MB,1.24K,103,119,https://github.com/embulk/embulk,embulk,https://rubygems.org/gems/embulk/versions/0.8.39,https://github.com/embulk/embulk
22,0,0,4,"Aug  3, 2014",254,"Apr  5, 2019",162 MB,832,3,133,http://sikulix.com,sikulix,https://rubygems.org/gems/sikulix/versions/1.1.4.0,https://github.com/RaiMan/SikuliX-2014
26,1,1,0,"Sep 15, 2011",183,"Aug 21, 2013",25 MB,792,6,74,http://github.com/webbit/webbit,webbit-jars,https://rubygems.org/gems/webbit-jars/versions/0.4.15,https://github.com/webbit/webbit
67,0,0,0,"Apr 18, 2011",240,"Apr 18, 2011",3.23 MB,557,1,29,http://flori.github.com/json,larsklevan-json,https://rubygems.org/gems/larsklevan-json/versions/1.5.1,https://github.com/flori/json
67,0,596,16.6K,"Jul 25, 2009",240,25 days ago,3.23 MB,557,65,29,http://flori.github.com/json,json_pure,https://rubygems.org/gems/json_pure/versions/2.3.0,https://github.com/flori/json
67,0,0,0,"Sep 19, 2011",240,"Sep  2, 2012",3.23 MB,557,12,29,http://flori.github.com/json,json-maglev-,https://rubygems.org/gems/json-maglev-/versions/1.7.5,https://github.com/flori/json
67,0,7.97K,445K,"Jul 25, 2009",240,"Dec 11, 2019",3.23 MB,557,69,29,http://flori.github.com/json,json,https://rubygems.org/gems/json/versions/2.3.0,https://github.com/flori/json
11,0,0,2,"Jun 10, 2014",43,"Apr 17, 2018",1.46 MB,480,28,18,https://github.com/paulfitz/daff,daff,https://rubygems.org/gems/daff/versions/1.3.27,https://github.com/paulfitz/daff
93,1,0,0,"Jun 23, 2012",237,"Jun 23, 2012",8.44 MB,393,1,47,http://github.com/cucumber/gherkin,bryanl-gherkin,https://rubygems.org/gems/bryanl-gherkin/versions/2.11.1.1,https://github.com/cucumber/gherkin
11,1,0,0,"Aug  2, 2013",24,"Aug  2, 2013",442 KB,294,1,17,https://github.com/headius/thread_safe,thread_safe-ianunruh,https://rubygems.org/gems/thread_safe-ianunruh/versions/0.1.1,https://github.com/headius/thread_safe
12,1,2,9,"Jan 22, 2015",98,"Feb 27, 2015",476 KB,240,4,36,http://github.com/google/gtfs-realtime-bindings,gtfs-realtime-bindings,https://rubygems.org/gems/gtfs-realtime-bindings/versions/0.0.5,https://github.com/google/gtfs-realtime-bindings
9,1,1,3,"Dec  1, 2012",58,"Mar 19, 2014",11.9 MB,193,5,35,https://github.com/infochimps-labs/wonderdog,wonderdog,https://rubygems.org/gems/wonderdog/versions/0.2.0,https://github.com/infochimps-labs/wonderdog
17,0,164,447K,"Apr 26, 2012",17,"Feb 22, 2017",514 KB,188,14,13,https://github.com/ruby-concurrency/thread_safe,thread_safe,https://rubygems.org/gems/thread_safe/versions/0.3.6,https://github.com/ruby-concurrency/thread_safe
9,0,0,1,"Mar 13, 2018",60,"Mar 19, 2018",1.72 MB,165,2,30,https://github.com/googlei18n/myanmar-tools,myanmar-tools,https://rubygems.org/gems/myanmar-tools/versions/0.1.1,https://github.com/googlei18n/myanmar-tools
8,1,1,1,"Aug  7, 2011",33,"Jan 19, 2012",3.03 MB,122,3,12,http://github.com/s7/scale7-pelops,pelops-jars,https://rubygems.org/gems/pelops-jars/versions/1.3.0,https://github.com/s7/scale7-pelops
13,0,0,9,"Aug 18, 2011",60,"Sep 20, 2019",18.6 MB,114,25,18,http://sqldroid.org/,sqldroid,https://rubygems.org/gems/sqldroid/versions/1.1.0.beta.4,https://github.com/SQLDroid/SQLDroid
9,3,0,0,"Mar 17, 2015",68,3 days ago,235 MB,114,105,18,http://mpxj.sf.net,mpxj,https://rubygems.org/gems/mpxj/versions/8.0.7,https://github.com/joniles/mpxj
9,0,0,6,"Jul 25, 2009",15,"Aug 16, 2012",46.1 MB,108,16,9,http://github.com/slagyr/limelight,limelight,https://rubygems.org/gems/limelight/versions/0.6.19,https://github.com/slagyr/limelight
42,0,0,0,"Feb 16, 2015",53,"Sep  6, 2019",879 KB,69,31,32,https://github.com/embulk/embulk-input-jdbc,embulk-input-postgresql,https://rubygems.org/gems/embulk-input-postgresql/versions/0.10.1,https://github.com/embulk/embulk-input-jdbc
42,0,0,0,"Feb 16, 2015",53,"Sep  6, 2019",879 KB,69,31,32,https://github.com/embulk/embulk-input-jdbc,embulk-input-redshift,https://rubygems.org/gems/embulk-input-redshift/versions/0.10.1,https://github.com/embulk/embulk-input-jdbc
42,0,0,0,"Feb 16, 2015",53,"May 23, 2019",879 KB,69,31,32,https://github.com/embulk/embulk-input-jdbc,embulk-input-jdbc,https://rubygems.org/gems/embulk-input-jdbc/versions/0.10.0,https://github.com/embulk/embulk-input-jdbc
42,0,0,0,"Jun 17, 2015",53,"Sep  6, 2019",879 KB,69,24,32,https://github.com/embulk/embulk-input-jdbc,embulk-input-oracle,https://rubygems.org/gems/embulk-input-oracle/versions/0.10.1,https://github.com/embulk/embulk-input-jdbc
42,0,0,0,"Oct 13, 2016",53,"Sep  6, 2019",879 KB,69,13,32,https://github.com/embulk/embulk-input-jdbc,embulk-input-db2,https://rubygems.org/gems/embulk-input-db2/versions/0.10.1,https://github.com/embulk/embulk-input-jdbc
42,0,1,2,"Feb 16, 2015",53,"Sep  6, 2019",879 KB,69,31,32,https://github.com/embulk/embulk-input-jdbc,embulk-input-mysql,https://rubygems.org/gems/embulk-input-mysql/versions/0.10.1,https://github.com/embulk/embulk-input-jdbc
42,0,0,0,"Jul  7, 2015",53,"Sep  6, 2019",879 KB,69,23,32,https://github.com/embulk/embulk-input-jdbc,embulk-input-sqlserver,https://rubygems.org/gems/embulk-input-sqlserver/versions/0.10.1,https://github.com/embulk/embulk-input-jdbc
1,0,0,0,"Aug 17, 2013",1,"Aug 17, 2013",121 KB,68,3,6,https://github.com/headius/jo,jo,https://rubygems.org/gems/jo/versions/0.2.0,https://github.com/headius/jo
18,0,1,24,"Nov  8, 2013",26,"Jul 22, 2015",1.32 MB,64,3,10,https://bitbucket.org/ged/ruby-pg,pg_jruby,https://rubygems.org/gems/pg_jruby/versions/0.17.1,https://github.com/headius/jruby-pg
29,0,0,0,"Feb 16, 2015",61,"Dec 23, 2019",1.6 MB,64,45,32,https://github.com/embulk/embulk-output-jdbc,embulk-output-redshift,https://rubygems.org/gems/embulk-output-redshift/versions/0.8.7,https://github.com/embulk/embulk-output-jdbc
29,0,0,0,"Oct 26, 2016",61,"Dec 23, 2019",1.6 MB,64,22,32,https://github.com/embulk/embulk-output-jdbc,embulk-output-db2,https://rubygems.org/gems/embulk-output-db2/versions/0.8.7,https://github.com/embulk/embulk-output-jdbc
29,0,0,0,"Feb 16, 2015",61,"Dec 23, 2019",1.6 MB,64,45,32,https://github.com/embulk/embulk-output-jdbc,embulk-output-postgresql,https://rubygems.org/gems/embulk-output-postgresql/versions/0.8.7,https://github.com/embulk/embulk-output-jdbc
29,0,1,1,"Feb 16, 2015",61,"Dec 23, 2019",1.6 MB,64,45,32,https://github.com/embulk/embulk-output-jdbc,embulk-output-mysql,https://rubygems.org/gems/embulk-output-mysql/versions/0.8.7,https://github.com/embulk/embulk-output-jdbc
29,0,0,0,"Mar 15, 2015",61,"Dec 23, 2019",1.6 MB,64,40,32,https://github.com/embulk/embulk-output-jdbc,embulk-output-oracle,https://rubygems.org/gems/embulk-output-oracle/versions/0.8.7,https://github.com/embulk/embulk-output-jdbc
29,0,0,0,"Jan 15, 2016",61,"Dec 23, 2019",1.6 MB,64,30,32,https://github.com/embulk/embulk-output-jdbc,embulk-output-sqlserver,https://rubygems.org/gems/embulk-output-sqlserver/versions/0.8.7,https://github.com/embulk/embulk-output-jdbc
29,0,0,0,"Feb 16, 2015",61,"Dec 23, 2019",1.6 MB,64,44,32,https://github.com/embulk/embulk-output-jdbc,embulk-output-jdbc,https://rubygems.org/gems/embulk-output-jdbc/versions/0.8.7,https://github.com/embulk/embulk-output-jdbc
6,0,25,175,"Aug  2, 2012",12,"Dec 24, 2014",186 KB,61,8,2,https://github.com/funny-falcon/murmurhash3-ruby,murmurhash3,https://rubygems.org/gems/murmurhash3/versions/0.1.6,https://github.com/funny-falcon/murmurhash3-ruby
2,0,6,7,"Jan 28, 2015",7,12 days ago,6.55 MB,61,68,7,https://ruby-processing.github.io/JRubyArt/,jruby_art,https://rubygems.org/gems/jruby_art/versions/2.4.0,https://github.com/ruby-processing/JRubyArt
12,0,12,250,"Mar 14, 2012",30,"Jan  9, 2020",60.2 MB,60,35,4,http://github.com/guyboertje/jrjackson,jrjackson,https://rubygems.org/gems/jrjackson/versions/0.4.11,https://github.com/guyboertje/jrjackson
1,0,14,27,"Dec 11, 2017",3,"Jan  5, 2018",1010 KB,45,8,6,https://github.com/crypto-rb/ed25519,ed25519,https://rubygems.org/gems/ed25519/versions/1.2.4,https://github.com/crypto-rb/ed25519
1,1,0,0,"Apr  5, 2019",22,"Apr 16, 2019",57.6 KB,45,3,3,https://github.com/KINGSABRI/godofwar,godofwar,https://rubygems.org/gems/godofwar/versions/1.1.0,https://github.com/KINGSABRI/godofwar
1,1,0,0,"Oct  7, 2012",3,"Oct 10, 2012",1010 KB,45,2,6,https://github.com/tarcieri/red25519,red25519,https://rubygems.org/gems/red25519/versions/1.1.0,https://github.com/tarcieri/red25519
8,1,0,1,"Feb  1, 2017",21,"Oct 19, 2017",134 KB,44,2,339,https://github.com/Shopify/graphql_java_gen,graphql_java_gen,https://rubygems.org/gems/graphql_java_gen/versions/0.1.1,https://github.com/Shopify/graphql_java_gen
0,7,1,5,"Feb 16, 2017",39,"Feb 16, 2017",623 MB,44,2,38,https://github.com/hl7-fhir/fhir-svn,plan_executor,https://rubygems.org/gems/plan_executor/versions/1.8.0,https://github.com/hl7-fhir/fhir-svn
2,1,0,1,"Mar 29, 2012",1,"Mar 20, 2016",7.29 MB,38,6,8,http://github.com/marekjelen/wildweb,thick,https://rubygems.org/gems/thick/versions/0.0.9,https://github.com/marekjelen/wildweb
1,1,0,0,"Dec  9, 2010",3,"Jan 20, 2012",7.1 MB,37,3,5,http://github.com/headius/cloby,cloby,https://rubygems.org/gems/cloby/versions/0.0.3,https://github.com/headius/cloby
8,0,7,17,"Apr 18, 2012",16,"May 21, 2014",1.54 MB,36,6,22,http://github.com/jruby/jruby-parser,jruby-parser,https://rubygems.org/gems/jruby-parser/versions/0.5.4,https://github.com/jruby/jruby-parser
18,1,0,0,"Jul  6, 2015",48,"Sep  1, 2015",74.6 MB,37,3,28,https://github.com/asposecells/Aspose_Cells_Java/tree/master/Plugins/Aspose_Cells_Java_for_Ruby,asposecellsjava,https://github.com/asposecells/Aspose_Cells_Java,https://github.com/asposecells/Aspose_Cells_Java/tree/master/Plugins/Aspose_Cells_Java_for_Ruby
4,2,1,3,"Sep  3, 2016",17,4 days ago,48.3 MB,35,31,14,https://github.com/shinesolutions/swagger-aem/tree/master/clients/ruby,swagger_aem,https://github.com/shinesolutions/swagger-aem,https://github.com/shinesolutions/swagger-aem/tree/master/clients/ruby
12,0,0,0,"Feb 16, 2015",19,"Nov 26, 2019",396 KB,34,34,12,https://github.com/embulk/embulk-input-s3,embulk-input-s3,https://rubygems.org/gems/embulk-input-s3/versions/0.3.5,https://github.com/embulk/embulk-input-s3
12,0,0,0,"Feb  6, 2015",19,"Feb  6, 2015",396 KB,34,1,12,https://github.com/embulk/embulk-plugin-s3,embulk-plugin-s3,https://github.com/embulk/embulk-input-s3,https://github.com/embulk/embulk-plugin-s3
12,0,0,0,"Jun 26, 2015",19,"Nov 26, 2019",396 KB,34,26,12,https://github.com/embulk/embulk-input-s3,embulk-input-riak_cs,https://rubygems.org/gems/embulk-input-riak_cs/versions/0.3.5,https://github.com/embulk/embulk-input-s3
17,1,0,0,"Jul 14, 2015",57,"Aug 28, 2015",44.4 MB,32,2,27,https://github.com/asposepdf/Aspose_Pdf_Java/tree/master/Plugins/Aspose_Pdf_Java_for_Ruby,asposepdfjava,https://github.com/asposepdf/Aspose_Pdf_Java,https://github.com/asposepdf/Aspose_Pdf_Java/tree/master/Plugins/Aspose_Pdf_Java_for_Ruby
38,0,123,6.29K,"Jul 25, 2009",59,"Feb 18, 2020",17.1 MB,30,68,10,https://github.com/jruby/jruby-openssl,jruby-openssl,https://rubygems.org/gems/jruby-openssl/versions/0.10.4,https://github.com/jruby/jruby-openssl
9,0,2,3,"Feb 16, 2015",20,"Dec 14, 2018",343 KB,25,21,11,https://github.com/embulk/embulk-output-elasticsearch,embulk-output-elasticsearch,https://rubygems.org/gems/embulk-output-elasticsearch/versions/0.4.7,https://github.com/embulk/embulk-output-elasticsearch
2,2,0,0,"Dec 14, 2010",1,"Apr 19, 2011",698 KB,25,7,6,http://github.com/luxdelux/redpack,redpack,https://rubygems.org/gems/redpack/versions/1.0.6,https://github.com/luxdelux/redpack
1,2,0,0,"Aug 19, 2013",11,"Aug 19, 2013",1.39 MB,24,1,7,https://github.com/groupon/Message-Bus,mbus,https://rubygems.org/gems/mbus/versions/1.0.0,https://github.com/groupon/Message-Bus
2,1,0,1,"Aug 25, 2013",2,"Aug 25, 2013",165 KB,21,1,3,http://github.com/headius/clojr,clojr,https://rubygems.org/gems/clojr/versions/0.0.2.1,https://github.com/headius/clojr
5,0,0,0,"Jun 23, 2015",9,"Aug 24, 2017",241 KB,20,24,3,https://github.com/sonots/embulk-filter-column,embulk-filter-column,https://rubygems.org/gems/embulk-filter-column/versions/0.7.0,https://github.com/sonots/embulk-filter-column
5,0,0,0,"Jul  3, 2015",9,"Jul  3, 2015",241 KB,20,1,3,https://github.com/sonots/embulk-filter-select_column,embulk-filter-select_column,https://rubygems.org/gems/embulk-filter-select_column/versions/0.1.2,https://github.com/sonots/embulk-filter-select_column
4,0,0,0,"Feb 17, 2015",4,"Jun 10, 2018",139 KB,19,6,2,https://github.com/choplin/embulk-output-parquet,embulk-output-parquet,https://rubygems.org/gems/embulk-output-parquet/versions/0.6.0,https://github.com/choplin/embulk-output-parquet
1,1,0,1,"Dec 16, 2010",1,"Dec 16, 2010",530 KB,19,2,1,http://github.com/arrac/eluka,eluka,https://rubygems.org/gems/eluka/versions/0.1.1,https://github.com/arrac/eluka
2,1,0,1,"Feb 17, 2012",0,"Feb 17, 2012",180 KB,18,2,2,http://github.com/headius/forkjoin.rb,forkjoin,https://rubygems.org/gems/forkjoin/versions/1.0.1,https://github.com/headius/forkjoin.rb
3,3,0,4,"Jul 17, 2012",7,"Aug 23, 2013",14.7 MB,18,21,6,http://github.com/leandog/gametel,gametel,https://rubygems.org/gems/gametel/versions/0.8,https://github.com/leandog/gametel
5,3,0,0,"May  2, 2011",8,"Jan 11, 2012",1.63 MB,18,5,1,https://github.com/dain/galaxy-server,com.proofpoint.galaxy.cli,https://rubygems.org/gems/com.proofpoint.galaxy.cli/versions/0.7,https://github.com/dain/galaxy-server
4,0,1,163,"Jun 16, 2011",0,"Jun 16, 2011",117 KB,18,1,53,http://github.com/rubinius/rubinius-core-api,rubinius-core-api,https://rubygems.org/gems/rubinius-core-api/versions/0.0.1,https://github.com/rubinius/rubinius-core-api
5,3,2,19,"Feb 26, 2011",8,"Jan 17, 2020",1.54 MB,18,71,3,http://github.com/mguymon/naether,naether,https://rubygems.org/gems/naether/versions/0.15.7,https://github.com/mguymon/naether
15,1,0,0,"Sep 16, 2015",23,"Sep 16, 2015",35.5 MB,17,1,17,https://github.com/asposeocr/Aspose_OCR_Java/tree/master/Plugins/Aspose_OCR_Java_for_Ruby,asposeocrjava,https://github.com/asposeocr/Aspose_OCR_Java,https://github.com/asposeocr/Aspose_OCR_Java/tree/master/Plugins/Aspose_OCR_Java_for_Ruby
6,0,2,5,"Apr  4, 2015",12,"Dec  4, 2019",89.8 KB,17,6,3,https://github.com/shun0102/embulk-parser-jsonl,embulk-parser-jsonl,https://rubygems.org/gems/embulk-parser-jsonl/versions/0.2.1,https://github.com/shun0102/embulk-parser-jsonl
1,1,1,1,"Mar 21, 2016",1,16 days ago,5.6 MB,16,50,4,https://ruby-processing.github.io/propane/,propane,https://rubygems.org/gems/propane/versions/3.5.0,https://github.com/ruby-processing/propane
23,5,0,3,"Feb 20, 2013",9,"Jun 10, 2013",32.6 MB,15,12,3,http://selendroid.io,selendroid,https://rubygems.org/gems/selendroid/versions/0.4.0,https://github.com/DominikDary/selendroid
3,1,1,5,"Sep 11, 2012",5,"Aug 20, 2013",20.5 MB,15,12,8,http://github.com/leandog/brazenhead,brazenhead,https://rubygems.org/gems/brazenhead/versions/0.4.8,https://github.com/leandog/brazenhead
1,2,0,0,"Aug 28, 2017",8,"Aug 28, 2017",12.4 MB,15,1,0,https://github.com/cliffano/swaggy-jenkins,swaggy_jenkins,https://rubygems.org/gems/swaggy_jenkins/versions/0.0.1,https://github.com/cliffano/swaggy-jenkins
2,0,2,98,"Mar 12, 2010",5,"Jun  3, 2010",130 KB,15,4,1,http://github.com/headius/weakling,weakling,https://rubygems.org/gems/weakling/versions/0.0.4,https://github.com/headius/weakling
2,0,0,0,"Mar  7, 2015",4,"Mar  8, 2015",224 KB,15,2,2,https://github.com/takumakanari/embulk-plugin-input-http,embulk-plugin-input-http,https://github.com/takumakanari/embulk-input-http,https://github.com/takumakanari/embulk-plugin-input-http
2,0,0,0,"Mar  8, 2015",4,"Aug  5, 2019",224 KB,15,20,2,https://github.com/takumakanari/embulk-input-http,embulk-input-http,https://rubygems.org/gems/embulk-input-http/versions/0.22.0,https://github.com/takumakanari/embulk-input-http
3,0,0,0,"Sep  6, 2017",3,"Sep  6, 2017",330 KB,13,1,6,https://github.com/embulk/embulk-executor-mapreduce,embulk-executor-mapreduce_2_6,https://rubygems.org/gems/embulk-executor-mapreduce_2_6/versions/0.4.0,https://github.com/embulk/embulk-executor-mapreduce
3,0,0,0,"Apr  8, 2015",3,"Jun 28, 2017",330 KB,13,16,6,https://github.com/embulk/embulk-executor-mapreduce,embulk-executor-mapreduce,https://rubygems.org/gems/embulk-executor-mapreduce/versions/0.3.0,https://github.com/embulk/embulk-executor-mapreduce
3,0,0,0,"Sep  6, 2017",3,"Sep  6, 2017",330 KB,13,1,6,https://github.com/embulk/embulk-executor-mapreduce,embulk-executor-mapreduce_2_7,https://rubygems.org/gems/embulk-executor-mapreduce_2_7/versions/0.4.0,https://github.com/embulk/embulk-executor-mapreduce
17,1,0,0,"Aug 17, 2015",18,"Aug 28, 2015",2.51 MB,12,2,16,https://github.com/asposebarcode/Aspose_Barcode_Java/tree/master/Plugins/Aspose_Barcode_Java_for_Ruby,asposebarcodejava,https://github.com/asposebarcode/Aspose_Barcode_Java,https://github.com/asposebarcode/Aspose_Barcode_Java/tree/master/Plugins/Aspose_Barcode_Java_for_Ruby
2,0,0,0,"Sep 30, 2016",17,"Sep 30, 2016",130 KB,12,1,5,https://github.com/apakulov/kafka-graphite,kafka-graphite-clients-jars,https://rubygems.org/gems/kafka-graphite-clients-jars/versions/0.4.1,https://github.com/apakulov/kafka-graphite
3,0,0,0,"Mar 17, 2017",4,"Feb  5, 2020",127 KB,12,6,5,https://github.com/muga/embulk-filter-calcite,embulk-filter-calcite,https://rubygems.org/gems/embulk-filter-calcite/versions/0.3.0,https://github.com/muga/embulk-filter-calcite
1,0,1,0,"Jan 19, 2013",3,"Apr 30, 2013",27.8 MB,11,5,4,http://github.com/mkolisnyk/Sirius,sirius-client-core,https://rubygems.org/gems/sirius-client-core/versions/2013.4.30.0,https://github.com/mkolisnyk/Sirius
1,0,0,23,"Sep  9, 2013",4,"Jan 19, 2014",7.08 MB,11,4,8,http://documentcloud.github.io/pdftailor,pdftailor,https://rubygems.org/gems/pdftailor/versions/0.0.5,https://github.com/documentcloud/pdftailor
2,0,1,0,"Aug  2, 2012",2,"Dec  9, 2013",132 KB,11,6,6,https://github.com/mailru/sumbur-ruby,sumbur,https://rubygems.org/gems/sumbur/versions/0.1.2.2,https://github.com/mailru/sumbur-ruby
1,3,0,0,"Jan  6, 2013",3,"Apr 30, 2013",27.8 MB,11,7,4,http://github.com/mkolisnyk/Sirius,sirius-client,https://rubygems.org/gems/sirius-client/versions/2013.4.30.0,https://github.com/mkolisnyk/Sirius
1,0,1,0,"Jan 19, 2013",3,"Apr 30, 2013",27.8 MB,11,5,4,http://github.com/mkolisnyk/Sirius,sirius-client-win32,https://rubygems.org/gems/sirius-client-win32/versions/2013.4.30.0,https://github.com/mkolisnyk/Sirius
1,0,1,0,"Apr  1, 2013",3,"Apr 30, 2013",27.8 MB,11,2,4,http://github.com/mkolisnyk/Sirius,sirius-client-web,https://rubygems.org/gems/sirius-client-web/versions/2013.4.30.0,https://github.com/mkolisnyk/Sirius
6,0,0,0,"Mar  1, 2015",4,"Jan 13, 2020",281 KB,10,26,10,https://github.com/embulk/embulk-input-gcs,embulk-input-gcs,https://rubygems.org/gems/embulk-input-gcs/versions/0.3.2,https://github.com/embulk/embulk-input-gcs
3,1,0,60,"Feb 20, 2012",5,"Mar 17, 2014",599 KB,10,15,3,http://github.com/tobsch/jgeoip,jgeoip,https://rubygems.org/gems/jgeoip/versions/0.2.5,https://github.com/tobsch/jgeoip
4,0,0,0,"Sep  6, 2015",6,"Dec 14, 2018",189 KB,10,13,4,https://github.com/hakobera/embulk-input-mongodb,embulk-input-mongodb,https://rubygems.org/gems/embulk-input-mongodb/versions/0.7.0,https://github.com/hakobera/embulk-input-mongodb
1,0,0,0,"Sep 14, 2013",1,"Sep 28, 2013",3.52 MB,9,2,1,https://github.com/nLight/jruby-http-kit,jruby-http-kit,https://rubygems.org/gems/jruby-http-kit/versions/0.0.2,https://github.com/nLight/jruby-http-kit
2,0,0,0,"Dec 20, 2011",6,"Dec 20, 2011",143 KB,9,1,2,http://github.com/headius/jruby-spymemcached,jruby-spymemcached,https://rubygems.org/gems/jruby-spymemcached/versions/0.0.1,https://github.com/headius/jruby-spymemcached
3,0,0,0,"Oct 14, 2015",6,"May  1, 2019",202 KB,9,14,3,https://github.com/civitaspo/embulk-filter-expand_json,embulk-filter-expand_json,https://rubygems.org/gems/embulk-filter-expand_json/versions/0.3.0,https://github.com/civitaspo/embulk-filter-expand_json
7,2,0,0,"Dec  6, 2019",6,"Jan  8, 2020",963 KB,9,2,4,https://github.com/saucelabs/simple_sauce,simple_sauce,https://rubygems.org/gems/simple_sauce/versions/1.0.0.pre.alpha,https://github.com/saucelabs/simple_sauce
9,0,0,0,"Jun 22, 2015",10,about 2 months ago,466 KB,9,36,77,https://github.com/treasure-data/embulk-output-td,embulk-output-td,https://rubygems.org/gems/embulk-output-td/versions/0.6.0,https://github.com/treasure-data/embulk-output-td
1,0,0,0,"Oct 12, 2015",2,"Feb 11, 2017",181 KB,8,8,1,https://github.com/hishidama/embulk-parser-poi_excel,embulk-parser-poi_excel,https://rubygems.org/gems/embulk-parser-poi_excel/versions/0.1.7,https://github.com/hishidama/embulk-parser-poi_excel
17,1,0,0,"Aug 26, 2015",15,"Aug 28, 2015",29.5 MB,9,2,16,https://github.com/asposeemail/Aspose_Email_Java/tree/master/Plugins/Aspose_Email_Java_for_Ruby,asposeemailjava,https://github.com/asposeemail/Aspose_Email_Java,https://github.com/asposeemail/Aspose_Email_Java/tree/master/Plugins/Aspose_Email_Java_for_Ruby
3,0,0,0,"Oct  1, 2015",4,"Nov 20, 2015",101 KB,8,3,1,https://github.com/jami-i/embulk-parser-apache-custom-log,embulk-parser-apache-custom-log,https://rubygems.org/gems/embulk-parser-apache-custom-log/versions/0.4.0,https://github.com/jami-i/embulk-parser-apache-custom-log
17,1,0,0,"Aug  4, 2015",18,"Aug 28, 2015",36.2 MB,8,2,17,https://github.com/asposeslides/Aspose_Slides_Java/tree/master/Plugins/Aspose_Slides_Java_for_Ruby,asposeslidesjava,https://github.com/asposeslides/Aspose_Slides_Java,https://github.com/asposeslides/Aspose_Slides_Java/tree/master/Plugins/Aspose_Slides_Java_for_Ruby
1,0,0,1,"Dec 15, 2015",2,"Feb  6, 2016",101 KB,8,2,3,https://github.com/arielnetworks/embulk-parser-grok,embulk-parser-grok,https://rubygems.org/gems/embulk-parser-grok/versions/0.1.7,https://github.com/arielnetworks/embulk-parser-grok
5,1,0,0,"Mar  6, 2012",5,"Mar  6, 2012",270 KB,8,2,3,https://github.com/simonharrer/textools,textools,https://rubygems.org/gems/textools/versions/0.0.2,https://github.com/simonharrer/textools
4,0,0,0,"Aug 10, 2014",2,"Aug 10, 2014",91.1 MB,7,2,2,http://github.com/wdevauld/ib-ruby/tree/master,wdevauld-ib-ruby,https://rubygems.org/gems/wdevauld-ib-ruby/versions/0.2,https://github.com/wdevauld/ib-ruby
5,0,0,0,"Mar 15, 2015",12,"Feb  7, 2018",115 KB,7,8,3,https://github.com/llibra/embulk-output-s3,embulk-output-s3,https://rubygems.org/gems/embulk-output-s3/versions/1.5.0,https://github.com/llibra/embulk-output-s3
1,0,0,0,"Apr 27, 2016",4,"Jan 16, 2019",107 KB,7,9,2,https://github.com/sonots/embulk-filter-typecast,embulk-filter-typecast,https://rubygems.org/gems/embulk-filter-typecast/versions/0.2.2,https://github.com/sonots/embulk-filter-typecast
3,0,0,40,"Dec 29, 2012",5,"Jan 24, 2013",532 KB,7,3,4,https://github.com/avsej/gson.rb,gson,https://rubygems.org/gems/gson/versions/0.6.1,https://github.com/avsej/gson.rb
4,0,0,0,"Mar 15, 2015",3,"Apr 22, 2019",222 KB,7,9,5,https://github.com/hakobera/embulk-output-gcs,embulk-output-gcs,https://rubygems.org/gems/embulk-output-gcs/versions/0.4.4,https://github.com/hakobera/embulk-output-gcs
4,0,0,0,"Mar  2, 2016",1,about 1 month ago,138 KB,6,4,10,https://github.com/embulk/embulk-filter-encrypt,embulk-filter-encrypt,https://rubygems.org/gems/embulk-filter-encrypt/versions/0.2.2,https://github.com/embulk/embulk-filter-encrypt
2,0,0,16,"May  1, 2013",3,"Nov 21, 2017",13.7 KB,6,2,1,https://github.com/caius/jruby-stemmer,jruby-stemmer,https://rubygems.org/gems/jruby-stemmer/versions/0.0.2,https://github.com/caius/jruby-stemmer
2,0,0,0,"Mar 15, 2014",3,"Jun 10, 2014",461 KB,6,4,229,https://github.com/airbnb/collapstring,collapstring,https://rubygems.org/gems/collapstring/versions/0.2.0,https://github.com/airbnb/collapstring
2,0,0,0,"Sep 25, 2015",3,"Jan 21, 2016",5.76 MB,6,3,1,https://github.com/kataring/embulk-output-google_spreadsheets,embulk-output-google_spreadsheets,https://rubygems.org/gems/embulk-output-google_spreadsheets/versions/0.2.0,https://github.com/kataring/embulk-output-google_spreadsheets
1,0,0,0,"Apr  3, 2012",1,"Apr  3, 2012",1.61 MB,6,1,1,https://github.com/hamajyotan/librepdf,librepdf,https://rubygems.org/gems/librepdf/versions/0.0.2,https://github.com/hamajyotan/librepdf
1,0,8,9,"Feb  7, 2009",0,"Mar 20, 2011",172 KB,6,10,2,http://github.com/mkristian/slf4r,slf4r,https://rubygems.org/gems/slf4r/versions/0.4.2,https://github.com/mkristian/slf4r
0,1,0,0,"Feb 18, 2020",2,"Feb 18, 2020",313 KB,6,1,1,https://github.com/adobe/graphql-java-generator,graphql_java_gen_adobe,https://rubygems.org/gems/graphql_java_gen_adobe/versions/0.0.1,https://github.com/adobe/graphql-java-generator
4,2,1,15,"Feb 27, 2013",4,"Jun 22, 2014",3.32 MB,6,3,4,https://github.com/krypt/krypt-core-java,krypt-core,https://rubygems.org/gems/krypt-core/versions/0.0.2,https://github.com/krypt/krypt-core-java
11,0,0,0,"Jul  6, 2015",9,"Dec  6, 2019",518 KB,6,52,77,https://github.com/treasure-data/embulk-input-marketo,embulk-input-marketo,https://rubygems.org/gems/embulk-input-marketo/versions/0.6.17,https://github.com/treasure-data/embulk-input-marketo
1,0,2,1,"Jul 22, 2015",0,"May 10, 2016",237 KB,5,3,1,http://github.com/rbotafogo/critbit/wiki,critbit,https://rubygems.org/gems/critbit/versions/0.5.2,https://github.com/rbotafogo/critbit
2,0,0,0,"Apr 26, 2016",6,"Feb 19, 2019",201 KB,5,19,3,https://github.com/sonots/embulk-filter-timestamp_format,embulk-filter-timestamp_format,https://rubygems.org/gems/embulk-filter-timestamp_format/versions/0.3.3,https://github.com/sonots/embulk-filter-timestamp_format
3,0,0,0,"Feb 18, 2015",3,"Jan 14, 2016",69.3 KB,5,5,6,https://github.com/embulk/embulk-input-command,embulk-input-command,https://rubygems.org/gems/embulk-input-command/versions/0.1.4,https://github.com/embulk/embulk-input-command
1,0,0,0,"Mar  4, 2016",0,"Mar  4, 2016",64.5 KB,5,1,4,https://github.com/mwed/embulk-filter-url_encode,embulk-filter-url_encode,https://rubygems.org/gems/embulk-filter-url_encode/versions/0.1.0,https://github.com/mwed/embulk-filter-url_encode
3,0,0,0,"Nov  2, 2018",6,"Aug 19, 2019",86.9 KB,5,3,1,https://github.com/mikoto2000/embulk-input-salesforce_bulk,embulk-input-salesforce_bulk,https://rubygems.org/gems/embulk-input-salesforce_bulk/versions/0.2.2,https://github.com/mikoto2000/embulk-input-salesforce_bulk
2,1,0,0,"Sep  3, 2019",0,"Dec  2, 2019",11.6 MB,5,18,2,https://github.com/cats-oss/fastlane-plugin-accessibility_test,fastlane-plugin-accessibility_test,https://rubygems.org/gems/fastlane-plugin-accessibility_test/versions/0.1.17,https://github.com/cats-oss/fastlane-plugin-accessibility_test
2,0,0,0,"Jan 24, 2010",2,"Feb  6, 2010",6.42 MB,5,24,2,http://github.com/,riskman,https://rubygems.org/gems/riskman/versions/0.0.23,http://github.com/lucamarrocco/riskman
1,0,0,2,"Nov 10, 2012",2,"Jul 23, 2013",380 KB,5,3,2,http://github.com/isaiah/rbtree-jruby,rbtree-jruby,https://rubygems.org/gems/rbtree-jruby/versions/0.2.1,https://github.com/isaiah/rbtree-jruby
2,0,0,0,"Sep 30, 2015",1,"Dec 15, 2016",112 KB,5,9,1,https://github.com/toyama0919/embulk-filter-kuromoji,embulk-filter-kuromoji,https://rubygems.org/gems/embulk-filter-kuromoji/versions/0.5.0,https://github.com/toyama0919/embulk-filter-kuromoji
8,0,0,0,"Nov 24, 2015",6,"Sep 30, 2019",266 KB,5,31,69,https://github.com/treasure-data/embulk-output-mailchimp,embulk-output-mailchimp,https://rubygems.org/gems/embulk-output-mailchimp/versions/0.3.31,https://github.com/treasure-data/embulk-output-mailchimp
5,0,0,0,"Apr 29, 2015",2,"Nov 18, 2019",265 KB,5,9,8,https://github.com/embulk/embulk-input-ftp,embulk-input-ftp,https://rubygems.org/gems/embulk-input-ftp/versions/0.2.1,https://github.com/embulk/embulk-input-ftp
8,0,0,0,"Jan 26, 2016",10,27 days ago,543 KB,5,32,80,https://github.com/treasure-data/embulk-input-zendesk,embulk-input-zendesk,https://rubygems.org/gems/embulk-input-zendesk/versions/0.3.8,https://github.com/treasure-data/embulk-input-zendesk
3,0,0,0,"Oct 27, 2015",2,"Nov  4, 2015",4.07 MB,5,4,4,http://github.com/necula01/bond,bond-testing-erik,https://rubygems.org/gems/bond-testing-erik/versions/0.1.4,https://github.com/necula01/bond
3,0,0,0,"Jul 17, 2015",6,"Aug 25, 2017",265 KB,5,15,1,https://github.com/sonots/embulk-filter-row,embulk-filter-row,https://rubygems.org/gems/embulk-filter-row/versions/0.5.1,https://github.com/sonots/embulk-filter-row
7,0,0,0,"Jul 23, 2015",8,"Jul 30, 2018",95.7 KB,5,8,15,https://github.com/lookout/fast-rsa-engine,fast-rsa-engine,https://rubygems.org/gems/fast-rsa-engine/versions/0.4.2,https://github.com/lookout/fast-rsa-engine
8,0,0,0,"Oct 21, 2019",10,"Feb 14, 2020",543 KB,5,6,80,https://github.com/treasure-data/embulk-input-zendesk,embulk-input-zendesk-all,https://rubygems.org/gems/embulk-input-zendesk-all/versions/0.4.3,https://github.com/treasure-data/embulk-input-zendesk
1,0,0,0,"Aug 10, 2013",3,"Aug 17, 2013",837 KB,5,4,2,http://github.com/claudemamo/jruby-cxf,jruby-cxf,https://rubygems.org/gems/jruby-cxf/versions/1.0.3,https://github.com/claudemamo/jruby-cxf
3,1,0,0,"Jan 29, 2016",2,"Feb 18, 2016",4.07 MB,5,3,4,http://github.com/necula01/bond,bond-spy,https://rubygems.org/gems/bond-spy/versions/0.2.1,https://github.com/necula01/bond
4,0,0,0,"May 13, 2016",4,"Jun 21, 2017",99.6 KB,5,5,2,https://github.com/sakama/embulk-output-dynamodb,embulk-output-dynamodb,https://rubygems.org/gems/embulk-output-dynamodb/versions/0.1.4,https://github.com/sakama/embulk-output-dynamodb
0,0,0,0,"Feb 20, 2010",0,"Feb 20, 2010",20.5 MB,4,4,1,http://github.com/cscotta/miso,miso-java,https://rubygems.org/gems/miso-java/versions/0.1.5,https://github.com/cscotta/miso
5,5,2,10,"May 15, 2014",4,"Jul  6, 2014",33.6 MB,4,12,2,https://github.com/rsense/rsense-core,rsense-core,https://rubygems.org/gems/rsense-core/versions/0.6.6,https://github.com/rsense/rsense-core
1,0,0,0,"Dec  8, 2015",2,"Aug  3, 2017",124 KB,4,4,1,https://github.com/civitaspo/embulk-filter-distinct,embulk-filter-distinct,https://rubygems.org/gems/embulk-filter-distinct/versions/0.0.4,https://github.com/civitaspo/embulk-filter-distinct
1,0,0,0,"Oct  1, 2015",0,"Jun 14, 2016",91.8 KB,4,4,1,https://github.com/toyama0919/embulk-filter-icu4j,embulk-filter-icu4j,https://rubygems.org/gems/embulk-filter-icu4j/versions/0.3.1,https://github.com/toyama0919/embulk-filter-icu4j
1,0,0,0,"Aug 11, 2014",2,"Aug 11, 2014",171 KB,4,1,1,http://wiki.github.com/aslakhellesoy/ansicolor,aslakhellesoy-ansicolor,https://rubygems.org/gems/aslakhellesoy-ansicolor/versions/1.0,https://github.com/wiki/aslakhellesoy
1,3,0,0,"May 24, 2009",0,"May 24, 2009",467 KB,4,1,2,http://github.com/pal/thistle,thistle,https://rubygems.org/gems/thistle/versions/0.0.1.3,https://github.com/pal/thistle
1,3,0,0,"Mar  8, 2012",0,"Apr 27, 2014",797 KB,4,9,1,http://remis-thoughts.blogspot.co.uk/2012/03/literate-programming-tool-this-is-last.html,literate_md,https://rubygems.org/gems/literate_md/versions/1.0.8,https://github.com/remis-thoughts/blog
1,1,0,0,"May 30, 2012",0,"Jun 26, 2012",14.6 MB,4,5,3,https://github.com/black-knight/Q-Cumberless-Testing,qcumberless,https://rubygems.org/gems/qcumberless/versions/0.0.5,https://github.com/black-knight/Q-Cumberless-Testing
3,0,0,0,"Jul 30, 2016",2,"Aug 30, 2019",97.7 KB,4,5,5,https://github.com/muga/embulk-input-td,embulk-input-td,https://rubygems.org/gems/embulk-input-td/versions/0.2.3,https://github.com/muga/embulk-input-td
1,0,0,7,"Oct 24, 2012",0,"Dec 14, 2012",207 KB,4,2,1,https://github.com/kawasima/axebomber,axebomber,https://rubygems.org/gems/axebomber/versions/0.1.2,https://github.com/kawasima/axebomber
2,0,0,0,"Jul 17, 2015",3,"Sep 22, 2016",252 KB,4,18,2,https://github.com/civitaspo/embulk-input-hdfs,embulk-input-hdfs,https://rubygems.org/gems/embulk-input-hdfs/versions/0.3.2,https://github.com/civitaspo/embulk-input-hdfs
3,0,0,0,"Dec  6, 2014",1,"May 16, 2017",37.1 KB,4,23,23,http://github.com/greenbits/binlog-server,binlog-server,https://rubygems.org/gems/binlog-server/versions/1.7.0,https://github.com/greenbits/binlog-server
3,0,0,0,"Jul  7, 2015",4,"Dec  7, 2019",263 KB,4,10,3,https://github.com/civitaspo/embulk-output-hdfs,embulk-output-hdfs,https://rubygems.org/gems/embulk-output-hdfs/versions/0.4.0.pre,https://github.com/civitaspo/embulk-output-hdfs
6,0,0,0,"May 28, 2015",8,about 1 month ago,342 KB,4,21,84,https://github.com/treasure-data/embulk-input-jira,embulk-input-jira,https://rubygems.org/gems/embulk-input-jira/versions/0.2.10,https://github.com/treasure-data/embulk-input-jira
1,3,0,0,"Aug 10, 2014",0,"Aug 10, 2014",467 KB,4,1,2,http://github.com/pal/thistle,pal-thistle,https://rubygems.org/gems/pal-thistle/versions/0.0.1.3,https://github.com/pal/thistle
1,0,0,0,"Oct 11, 2015",1,"Nov 22, 2015",67.4 KB,4,2,2,https://github.com/civitaspo/embulk-filter-join_file,embulk-filter-join_file,https://rubygems.org/gems/embulk-filter-join_file/versions/0.0.2,https://github.com/civitaspo/embulk-filter-join_file
2,0,0,0,"Jun 21, 2015",2,"Aug 26, 2018",1.45 MB,4,5,1,https://github.com/tzmfreedom/embulk-output-salesforce,embulk-output-salesforce,https://rubygems.org/gems/embulk-output-salesforce/versions/0.1.4,https://github.com/tzmfreedom/embulk-output-salesforce
1,0,0,0,"Jun  6, 2017",1,"Sep 26, 2019",1.66 MB,4,3,1,https://github.com/civitaspo/embulk-filter-copy,embulk-filter-copy,https://rubygems.org/gems/embulk-filter-copy/versions/0.1.0,https://github.com/civitaspo/embulk-filter-copy
6,0,0,0,"Oct 22, 2015",5,about 2 months ago,311 KB,4,24,8,https://github.com/embulk/embulk-output-sftp,embulk-output-sftp,https://rubygems.org/gems/embulk-output-sftp/versions/0.2.3,https://github.com/embulk/embulk-output-sftp
1,0,0,0,"Apr 21, 2013",1,"Apr 21, 2013",176 KB,3,1,3,https://github.com/neochuky/chipmunk_android/,chipmunk_android,https://github.com/neochuky/chipmunk_android,https://github.com/neochuky/chipmunk_android/
1,2,0,0,"Nov  2, 2008",0,"Mar 29, 2009",496 KB,3,3,1,http://github.com/shvets/scriptlandia-r,scriptlandia,https://rubygems.org/gems/scriptlandia/versions/0.7.3,https://github.com/shvets/scriptlandia-r
2,0,0,0,"Mar 19, 2013",6,"Nov  8, 2013",1.59 MB,3,5,2,http://github.com/nandosola/imageutils,imageutils,https://rubygems.org/gems/imageutils/versions/0.0.6,https://github.com/nandosola/imageutils
1,0,0,0,"Mar  2, 2015",1,"Feb 18, 2017",84 KB,3,6,2,https://github.com/hata/embulk-decoder-commons-compress,embulk-decoder-commons-compress,https://rubygems.org/gems/embulk-decoder-commons-compress/versions/0.4.1,https://github.com/hata/embulk-decoder-commons-compress
1,0,0,0,"Mar  2, 2015",1,"Feb 18, 2017",84 KB,3,6,2,https://github.com/hata/embulk-decoder-commons-compress,embulk-decoder-commons-compress,https://rubygems.org/gems/embulk-decoder-commons-compress/versions/0.4.1,https://github.com/hata/embulk-decoder-commons-compress
2,0,0,0,"Mar 19, 2013",6,"Nov  8, 2013",1.59 MB,3,5,2,http://github.com/nandosola/imageutils,imageutils,https://rubygems.org/gems/imageutils/versions/0.0.6,https://github.com/nandosola/imageutils
1,0,0,0,"Oct 16, 2009",0,"Oct 16, 2009",324 KB,3,1,2,http://github.com/olabini/jvyaml-gem,jvyaml,https://rubygems.org/gems/jvyaml/versions/0.0.1,https://github.com/olabini/jvyaml-gem
2,0,0,0,"Nov  8, 2013",6,"Mar 13, 2014",1.59 MB,3,3,2,http://github.com/nandosola/trantor-pdf-converter,trantor-pdf-converter,https://rubygems.org/gems/trantor-pdf-converter/versions/0.1.3,https://github.com/nandosola/trantor-pdf-converter
14,1,0,0,"Sep  8, 2015",13,"Sep  8, 2015",2.63 MB,3,1,12,https://github.com/asposetasks/Aspose_Tasks_Java/tree/master/Plugins/Aspose_Tasks_Java_for_Ruby,asposetasksjava,https://github.com/asposetasks/Aspose_Tasks_Java,https://github.com/asposetasks/Aspose_Tasks_Java/tree/master/Plugins/Aspose_Tasks_Java_for_Ruby
14,1,0,0,"Oct  5, 2015",11,"Oct  5, 2015",8.64 MB,3,1,15,https://github.com/asposeimaging/Aspose_Imaging_Java/tree/master/Plugins/Aspose_Imaging_Java_for_Ruby,asposeimagingjava,https://github.com/asposeimaging/Aspose_Imaging_Java,https://github.com/asposeimaging/Aspose_Imaging_Java/tree/master/Plugins/Aspose_Imaging_Java_for_Ruby
0,0,0,0,"Feb 28, 2017",0,"Apr  4, 2017",1.37 MB,3,2,5,https://github.com/gojek-engineering/s2-geometry-library-java,s2geometry-jar,https://rubygems.org/gems/s2geometry-jar/versions/0.0.2,https://github.com/gojek-engineering/s2-geometry-library-java
2,0,0,0,"Mar  3, 2016",0,"Apr 25, 2018",73.2 KB,3,5,17,https://github.com/mwed/embulk-filter-query_string,embulk-filter-query_string,https://rubygems.org/gems/embulk-filter-query_string/versions/0.2.1,https://github.com/mwed/embulk-filter-query_string
1,0,0,0,"Dec  2, 2017",0,"Dec  2, 2017",197 KB,3,1,1,https://github.com/yuokada/embulk-input-randomj,randomj,https://rubygems.org/gems/randomj/versions/0.4.0,https://github.com/yuokada/embulk-input-randomj
2,0,0,0,"Apr 21, 2016",1,"Nov  6, 2016",79.1 KB,3,7,1,https://github.com/tomykaira/embulk-output-s3_per_record,embulk-output-s3_per_record,https://rubygems.org/gems/embulk-output-s3_per_record/versions/0.4.0,https://github.com/tomykaira/embulk-output-s3_per_record
1,0,0,0,"Jul 17, 2016",0,"Jun 28, 2017",62.5 KB,3,4,1,https://github.com/kfitzgerald/embulk-filter-base58,embulk-filter-base58,https://rubygems.org/gems/embulk-filter-base58/versions/0.1.3,https://github.com/kfitzgerald/embulk-filter-base58
9,1,0,0,"Oct 19, 2015",11,"Oct 19, 2015",23.2 MB,3,2,14,https://github.com/asposediagram/Aspose_Diagram_Java/tree/master/Plugins/Aspose_Diagram_Java_for_Ruby,asposediagramjava,https://github.com/asposediagram/Aspose_Diagram_Java,https://github.com/asposediagram/Aspose_Diagram_Java/tree/master/Plugins/Aspose_Diagram_Java_for_Ruby
3,1,0,0,"Aug 29, 2016",3,"Jun 11, 2018",116 KB,3,6,2,https://github.com/hiroyuki-sato/embulk-parser-jsonpath,embulk-parser-jsonpath,https://rubygems.org/gems/embulk-parser-jsonpath/versions/0.3.0,https://github.com/hiroyuki-sato/embulk-parser-jsonpath
1,1,0,0,"Dec 22, 2010",0,"May 25, 2011",27.9 MB,3,4,16,https://github.com/forward/rbpig,rbpig,https://rubygems.org/gems/rbpig/versions/0.1.3,https://github.com/forward/rbpig
2,1,0,0,"Nov 26, 2010",0,"Jan  5, 2011",5.6 MB,3,3,3,http://github.com/pftg/appengine-mapreduce-jruby,appengine-mapreduce,https://rubygems.org/gems/appengine-mapreduce/versions/0.0.4,https://github.com/pftg/appengine-mapreduce-jruby
1,2,0,0,"Nov  2, 2011",0,"Apr  9, 2012",3.39 MB,3,5,2,http://pukkaone.github.com/mullet/,mullet,https://rubygems.org/gems/mullet/versions/0.0.4,https://github.com/pukkaone/mullet
1,2,0,0,"Aug 10, 2014",0,"Aug 10, 2014",496 KB,3,4,1,http://github.com/shvets/scriptlandia-r,shvets-scriptlandia,https://rubygems.org/gems/shvets-scriptlandia/versions/0.7.3,https://github.com/shvets/scriptlandia-r
2,0,0,0,"Mar  8, 2015",1,"Mar 28, 2017",93.8 KB,3,8,1,https://github.com/hata/embulk-filter-speedometer,embulk-filter-speedometer,https://rubygems.org/gems/embulk-filter-speedometer/versions/0.3.4,https://github.com/hata/embulk-filter-speedometer
1,3,0,1,"Dec 26, 2009",1,"Dec 23, 2011",2.43 MB,3,6,2,http://github.com/matthewtodd/perquackey,perquackey,https://rubygems.org/gems/perquackey/versions/0.8.0,https://github.com/matthewtodd/perquackey
3,0,0,0,"Sep 29, 2010",2,"Sep  4, 2015",708 KB,3,15,1,http://github.com/realityforge/swung_weave,swung-weave-buildr,https://rubygems.org/gems/swung-weave-buildr/versions/1.1.6,https://github.com/realityforge/swung_weave
2,0,0,0,"Jan 28, 2016",7,"Feb 22, 2016",84 KB,3,3,72,https://github.com/treasure-data/embulk-filter-add_time,embulk-filter-add_time,https://rubygems.org/gems/embulk-filter-add_time/versions/0.2.0,https://github.com/treasure-data/embulk-filter-add_time
1,0,0,0,"Dec 28, 2016",0,"Dec  6, 2017",108 KB,3,4,1,https://github.com/toyama0919/embulk-filter-google_translate_api,embulk-filter-google_translate_api,https://rubygems.org/gems/embulk-filter-google_translate_api/versions/0.2.1,https://github.com/toyama0919/embulk-filter-google_translate_api
1,0,0,1,"Jul  9, 2017",0,"May  3, 2018",197 KB,3,9,1,https://github.com/yuokada/embulk-input-randomj,embulk-input-randomj,https://rubygems.org/gems/embulk-input-randomj/versions/0.5.1,https://github.com/yuokada/embulk-input-randomj
6,0,0,17,"Jul 24, 2012",4,"May 15, 2013",3.18 MB,2,11,2,https://github.com/flyerhzm/jruby-memcached,jruby-memcached,https://rubygems.org/gems/jruby-memcached/versions/0.5.5,https://github.com/flyerhzm/jruby-memcached
2,0,0,0,"Mar 10, 2015",1,"Sep 13, 2017",49.7 MB,2,5,1,https://github.com/hito4t/embulk-input-filesplit,embulk-input-filesplit,https://rubygems.org/gems/embulk-input-filesplit/versions/0.1.4,https://github.com/hito4t/embulk-input-filesplit
0,0,0,0,"Aug 21, 2015",1,"Sep 17, 2015",33.2 KB,2,3,1,http://rubygems.org/gems/restassured_cli,restassured_cli,https://rubygems.org/gems/restassured_cli/versions/0.1.2,https://github.com/eing/restassured_cli
2,0,0,0,"Aug 21, 2017",2,"Feb 25, 2019",229 KB,2,11,1,https://github.com/yuokada/embulk-output-orc,embulk-output-orc,https://rubygems.org/gems/embulk-output-orc/versions/0.3.4,https://github.com/yuokada/embulk-output-orc
1,0,0,0,"Nov  1, 2014",0,"Feb 25, 2018",798 KB,2,19,2,https://ruby-processing.github.io/jbox2d,pbox2d,https://rubygems.org/gems/pbox2d/versions/1.0.3,https://github.com/ruby-processing/jbox2d
1,0,0,0,"Oct 16, 2015",1,"Feb 18, 2017",58.6 KB,2,2,1,https://github.com/hata/embulk-encoder-commons-compress,embulk-encoder-commons-compress,https://rubygems.org/gems/embulk-encoder-commons-compress/versions/0.1.1,https://github.com/hata/embulk-encoder-commons-compress
3,0,1,14,"Feb 27, 2013",3,"Jun 22, 2014",710 KB,2,3,4,https://github.com/krypt/krypt-provider-jdk,krypt-provider-jdk,https://rubygems.org/gems/krypt-provider-jdk/versions/0.0.2,https://github.com/krypt/krypt-provider-jdk
1,0,0,0,"May  8, 2016",1,"Feb 23, 2018",73.2 KB,2,3,1,https://github.com/joker1007/embulk-parser-avro,embulk-parser-avro,https://rubygems.org/gems/embulk-parser-avro/versions/0.3.0,https://github.com/joker1007/embulk-parser-avro
2,0,0,0,"Feb 18, 2015",3,"Feb  4, 2019",351 KB,2,11,2,https://github.com/film42/bae,bae,https://rubygems.org/gems/bae/versions/0.2.0,https://github.com/film42/bae
1,0,0,1,"May 16, 2012",0,"May 16, 2012",6.06 MB,2,1,1,https://github.com/paulopessoa/jasper-bridge,jasper-bridge,https://rubygems.org/gems/jasper-bridge/versions/0.0.1,https://github.com/paulopessoa/jasper-bridge
1,0,0,0,"Oct 11, 2015",2,"Oct 11, 2015",211 KB,2,2,2,https://github.com/civitaspo/embulk-filter-flatten_json,embulk-filter-flatten_json,https://rubygems.org/gems/embulk-filter-flatten_json/versions/0.0.2,https://github.com/civitaspo/embulk-filter-flatten_json
3,0,0,0,"May 30, 2015",8,"Oct 31, 2019",221 KB,2,3,2,https://github.com/hiroyuki-sato/embulk-parser-apache-log,embulk-parser-apache-log,https://rubygems.org/gems/embulk-parser-apache-log/versions/0.1.2,https://github.com/hiroyuki-sato/embulk-parser-apache-log
4,0,0,0,"Mar 14, 2016",2,"Feb 14, 2020",204 KB,2,20,8,https://github.com/embulk/embulk-input-sftp,embulk-input-sftp,https://rubygems.org/gems/embulk-input-sftp/versions/0.3.3,https://github.com/embulk/embulk-input-sftp
1,0,0,0,"Dec  1, 2016",0,"Dec  1, 2016",54.7 KB,2,1,1,https://github.com/toyama0919/embulk-formatter-sprintf,embulk-formatter-sprintf,https://rubygems.org/gems/embulk-formatter-sprintf/versions/0.1.0,https://github.com/toyama0919/embulk-formatter-sprintf
1,0,0,0,"Jan  2, 2017",0,"Jan 16, 2017",78.1 KB,2,4,0,https://github.com/joker1007/embulk-formatter-avro,embulk-formatter-avro,https://rubygems.org/gems/embulk-formatter-avro/versions/0.2.1,https://github.com/joker1007/embulk-formatter-avro
2,1,0,1,"Feb 16, 2010",0,"Oct 25, 2010",324 KB,2,3,3,http://github.com/flazz/jxmlvalidator,jxmlvalidator,https://rubygems.org/gems/jxmlvalidator/versions/0.1.2,https://github.com/flazz/jxmlvalidator
3,0,0,0,"Jul 25, 2013",2,"Dec 16, 2014",10.5 MB,2,7,3,https://github.com/denglish/poi2csv,poi2csv,https://rubygems.org/gems/poi2csv/versions/0.0.5.2,https://github.com/denglish/poi2csv
1,1,0,1,"Mar 12, 2015",1,"Mar 17, 2015",314 KB,2,12,1,https://github.com/stokesdrift/stokesdrift,stokesdrift,https://rubygems.org/gems/stokesdrift/versions/0.2.3,https://github.com/stokesdrift/stokesdrift
1,0,1,1,"May 15, 2015",0,"May 16, 2015",125 KB,2,2,1,http://github.com/colinsurprenant/jruby-stdin-channel,jruby-stdin-channel,https://rubygems.org/gems/jruby-stdin-channel/versions/0.2.0,https://github.com/colinsurprenant/jruby-stdin-channel
28,2,0,0,"Oct 10, 2014",1,"Jul 31, 2015",3.78 MB,2,9,12,https://github.com/lookout/zipkin,lookout-zipkin-tracer,https://rubygems.org/gems/lookout-zipkin-tracer/versions/0.5.2,https://github.com/lookout/zipkin
1,0,0,0,"Nov 14, 2011",3,"Jun  9, 2013",259 KB,2,12,1,https://github.com/petercrlane/svm_toolkit,svm_toolkit,https://rubygems.org/gems/svm_toolkit/versions/1.1.0,https://github.com/petercrlane/svm_toolkit
1,1,0,0,"Jan 26, 2015",1,"Jan 27, 2015",314 KB,2,2,1,https://github.com/stokesdrift/stokesdrift,stokes-drift,https://rubygems.org/gems/stokes-drift/versions/0.1.1,https://github.com/stokesdrift/stokesdrift
1,0,0,0,"Oct 18, 2015",0,"Nov 11, 2015",188 KB,2,3,1,https://github.com/hishidama/embulk-formatter-poi_excel,embulk-formatter-poi_excel,https://rubygems.org/gems/embulk-formatter-poi_excel/versions/0.1.2,https://github.com/hishidama/embulk-formatter-poi_excel
1,0,0,0,"Nov 23, 2016",0,"Jun 27, 2017",395 KB,2,7,1,https://gitlab.com/catalyst-it/vagrant-puppetfile,vagrant-puppetfile,/languages/Java,https://rubygems.org/gems/vagrant-puppetfile/versions/0.4.4
2,0,0,1,"Feb 18, 2015",2,"Jan 14, 2016",70.3 KB,2,5,5,https://github.com/embulk/embulk-output-command,embulk-output-command,https://rubygems.org/gems/embulk-output-command/versions/0.1.4,https://github.com/embulk/embulk-output-command
1,0,0,0,"Sep  9, 2011",0,"Jan 30, 2012",367 KB,1,10,1,https://github.com/gnagel/mercury-wireless-public/tree/master/ruby/git_utils,git_utils,https://github.com/gnagel/mercury-wireless-public,https://github.com/gnagel/mercury-wireless-public/tree/master/ruby/git_utils
3,1,0,1,"Nov 17, 2012",6,"Feb 27, 2017",4.73 MB,1,7,4,https://github.com/sgonyea/jruby-pgp,jruby-pgp,https://rubygems.org/gems/jruby-pgp/versions/0.4.0,https://github.com/sgonyea/jruby-pgp
0,0,0,0,"Jun 12, 2018",0,"Jun 12, 2018",90.8 KB,1,2,1,https://github.com/3-shake/embulk-parser-jsonline,embulk-parser-jsonline,https://rubygems.org/gems/embulk-parser-jsonline/versions/0.2.2,https://github.com/3-shake/embulk-parser-jsonline
1,0,0,0,"Jul 22, 2016",0,"Aug  9, 2017",78.1 KB,1,3,1,https://github.com/beniyama/embulk-filter-mask,embulk-filter-mask,https://rubygems.org/gems/embulk-filter-mask/versions/0.2.1,https://github.com/beniyama/embulk-filter-mask
1,0,0,1,"Mar 10, 2016",0,"Mar 10, 2016",78.1 KB,1,1,2,http://github.com/colinsurprenant/jruby-mmap,jruby-mmap,https://rubygems.org/gems/jruby-mmap/versions/0.2.0,https://github.com/colinsurprenant/jruby-mmap
1,0,0,0,"Mar  2, 2019",0,"Mar 11, 2019",92.8 KB,1,7,1,https://github.com/kamatama41/embulk-output-multi,embulk-output-multi,https://rubygems.org/gems/embulk-output-multi/versions/0.4.0,https://github.com/kamatama41/embulk-output-multi
1,3,0,0,"May  6, 2018",0,29 days ago,8.35 MB,1,23,2,https://ruby-processing.github.io/PiCrate/,picrate,https://rubygems.org/gems/picrate/versions/1.3.0,https://github.com/ruby-processing/PiCrate
3,0,0,0,"Jan 22, 2016",3,"Nov 17, 2017",80.1 KB,1,5,1,https://github.com/civitaspo/embulk-filter-to_json,embulk-filter-to_json,https://rubygems.org/gems/embulk-filter-to_json/versions/0.0.5,https://github.com/civitaspo/embulk-filter-to_json
1,0,0,0,"Mar  6, 2015",0,"Mar  6, 2015",188 KB,1,1,1,https://github.com/kakusuke/embulk-input-sql,embulk-input-sql,https://rubygems.org/gems/embulk-input-sql/versions/0.1.0,https://github.com/kakusuke/embulk-input-sql
1,2,0,0,"Dec 29, 2011",0,"Dec 29, 2011",7.85 MB,1,1,1,http://github.com/cbeer/fedora_akubra_mappers/tree/master/akubra_llstore_migrate,akubra_llstore_migrate,https://rubygems.org/gems/akubra_llstore_migrate/versions/0.0.1,https://github.com/cbeer/fedora_akubra_mappers
3,3,1,17,"Sep  5, 2011",1,"Feb 17, 2013",13.8 MB,1,37,1,https://github.com/pjlegato/ib-ruby,ib-ruby,https://rubygems.org/gems/ib-ruby/versions/0.9.2,https://github.com/pjlegato/ib-ruby
1,0,0,0,"May 23, 2018",0,"Oct  7, 2019",238 MB,1,5,1,https://github.com/alexopoulos7/embulk-output-utf8parquet,embulk-output-utf8parquet,https://rubygems.org/gems/embulk-output-utf8parquet/versions/1.0.4,https://github.com/alexopoulos7/embulk-output-utf8parquet
3,0,0,0,"Apr 30, 2015",1,"May 19, 2015",39.1 KB,1,3,6,https://github.com/avalonmediasystem/wowza-avalon,avalon-wowza,https://rubygems.org/gems/avalon-wowza/versions/0.2.0,https://github.com/avalonmediasystem/wowza-avalon
2,0,0,0,"Oct 10, 2015",2,"Feb 17, 2020",129 KB,1,11,8,https://github.com/embulk/embulk-input-azure_blob_storage,embulk-input-azure_blob_storage,https://rubygems.org/gems/embulk-input-azure_blob_storage/versions/0.3.0,https://github.com/embulk/embulk-input-azure_blob_storage
2,0,0,0,"Sep 22, 2014",1,"Sep 25, 2014",1010 KB,1,3,1,https://github.com/MinecraftRuby/bukkit,bukkit-api,https://rubygems.org/gems/bukkit-api/versions/0.0.1.pre.100,https://github.com/MinecraftRuby/bukkit
1,1,1,2,"Dec  1, 2015",1,"Jun  8, 2016",83.5 MB,1,11,1,https://github.com/abargnesi/rdf-jena,rdf-jena,https://rubygems.org/gems/rdf-jena/versions/0.4.1,https://github.com/abargnesi/rdf-jena
1,0,0,0,"Feb 15, 2017",2,"Feb 15, 2017",55.7 KB,1,1,1,https://github.com/yuuzi41/embulk-encoder-lz4,embulk-encoder-lz4,https://rubygems.org/gems/embulk-encoder-lz4/versions/0.1.0,https://github.com/yuuzi41/embulk-encoder-lz4
1,0,0,0,"Jun 24, 2017",0,"Jun 24, 2017",63.5 KB,1,1,2,https://github.com/kakoni/embulk-input-intersystems_cache,embulk-input-intersystems_cache,https://rubygems.org/gems/embulk-input-intersystems_cache/versions/0.1.0,https://github.com/kakoni/embulk-input-intersystems_cache
1,0,0,0,"Feb 17, 2016",0,"Jun  8, 2016",1000 KB,1,3,1,https://github.com/sonots/embulk-input-vertica,embulk-input-vertica,https://rubygems.org/gems/embulk-input-vertica/versions/0.1.2,https://github.com/sonots/embulk-input-vertica
0,0,0,0,"Oct 16, 2018",0,"Sep  4, 2019",73.2 KB,1,13,1,https://github.com/alexopoulos7/embulk-output-embulk_output_domo,embulk-output-embulk_output_domo,https://rubygems.org/gems/embulk-output-embulk_output_domo/versions/0.3.5,https://github.com/alexopoulos7/embulk-output-embulk_output_domo
2,0,0,4,"Oct 27, 2015",1,"Feb 22, 2016",55.7 KB,1,2,2,https://github.com/sonots/embulk-parser-none,embulk-parser-none,https://rubygems.org/gems/embulk-parser-none/versions/0.2.0,https://github.com/sonots/embulk-parser-none
1,0,0,0,"Mar  4, 2016",0,"Mar  4, 2016",71.3 KB,1,1,1,https://github.com/civitaspo/embulk-filter-to_csv,embulk-filter-to_csv,https://rubygems.org/gems/embulk-filter-to_csv/versions/0.0.1,https://github.com/civitaspo/embulk-filter-to_csv
1,0,0,0,"Feb 11, 2017",0,"Feb 11, 2017",56.6 KB,1,1,1,https://github.com/yuuzi41/embulk-decoder-lz4,embulk-decoder-lz4,https://rubygems.org/gems/embulk-decoder-lz4/versions/0.1.0,https://github.com/yuuzi41/embulk-decoder-lz4
1,0,0,0,"Apr  9, 2011",0,"Apr 20, 2011",102 KB,1,2,3,http://github.com/TheSkunkworx/jruby-base32,jruby-base32,https://rubygems.org/gems/jruby-base32/versions/0.1.2,https://github.com/TheSkunkworx/jruby-base32
1,1,0,1,"May  9, 2015",0,"Jan 23, 2016",104 KB,1,34,1,https://github.com/jesg/dither,dither,https://rubygems.org/gems/dither/versions/0.2.7,https://github.com/jesg/dither
3,0,0,0,"Aug 31, 2015",2,"May 10, 2016",72.3 KB,1,3,1,https://github.com/mokemokechicken/embulk-parser-regex,embulk-parser-regex,https://rubygems.org/gems/embulk-parser-regex/versions/0.2.1,https://github.com/mokemokechicken/embulk-parser-regex
1,0,0,0,"Sep 28, 2019",0,20 days ago,98.6 KB,1,6,3,https://github.com/trocco-io/embulk-input-facebook_ads_insights,embulk-input-facebook_ads_insights,https://rubygems.org/gems/embulk-input-facebook_ads_insights/versions/0.1.5,https://github.com/trocco-io/embulk-input-facebook_ads_insights
1,0,0,10,"Jun 24, 2011",0,"Aug 28, 2011",367 KB,1,7,1,https://github.com/gnagel/mercury-wireless-public/tree/master/ruby/advanced_math,advanced_math,https://github.com/gnagel/mercury-wireless-public,https://github.com/gnagel/mercury-wireless-public/tree/master/ruby/advanced_math
1,2,0,0,"Jun  2, 2010",0,"Jun  2, 2010",25.6 MB,1,1,1,http://webdizz.name/posts/jstyler,jstyler,https://rubygems.org/gems/jstyler/versions/0.0.4,https://github.com/webdizz/jstyler
1,0,0,0,"Aug 21, 2010",0,"Aug 21, 2010",125 KB,1,2,1,http://github.com/dekellum/brute-fuzzy,brute-fuzzy,https://rubygems.org/gems/brute-fuzzy/versions/2.0.0,https://github.com/dekellum/brute-fuzzy
3,0,0,0,"Aug 11, 2015",3,"Nov  3, 2016",104 KB,1,8,3,https://github.com/frsyuki/embulk-parser-msgpack,embulk-parser-msgpack,https://rubygems.org/gems/embulk-parser-msgpack/versions/0.2.2,https://github.com/frsyuki/embulk-parser-msgpack
2,0,0,0,"Jul  3, 2016",1,"Jul  3, 2016",57.6 KB,1,1,1,https://github.com/toru-takahashi/embulk-filter-concat,embulk-filter-concat,https://rubygems.org/gems/embulk-filter-concat/versions/0.1.0,https://github.com/toru-takahashi/embulk-filter-concat
2,0,0,0,"Feb 19, 2016",2,"Aug 25, 2017",78.1 KB,1,6,1,https://github.com/sonots/embulk-formatter-single_value,embulk-formatter-single_value,https://rubygems.org/gems/embulk-formatter-single_value/versions/0.3.1,https://github.com/sonots/embulk-formatter-single_value
1,0,0,0,"Apr 27, 2015",1,"Apr 27, 2015",35.3 MB,1,1,1,https://github.com/hito4t/embulk-parser-jdbc-schema-csv,embulk-parser-jdbc-schema-csv,https://rubygems.org/gems/embulk-parser-jdbc-schema-csv/versions/0.0.1,https://github.com/hito4t/embulk-parser-jdbc-schema-csv
1,0,0,0,"Jun  7, 2017",4,"Jun 20, 2017",762 KB,1,32,0,https://gitlab.com/RubyToolbox/testrail-ruby,testrail-ruby,/languages/Java,https://rubygems.org/gems/testrail-ruby/versions/0.1.01
1,0,0,0,"Aug  2, 2019",0,"Aug  2, 2019",64.5 KB,1,4,2,https://github.com/frsyuki/presto_sql_parser,presto_sql_parser,https://rubygems.org/gems/presto_sql_parser/versions/0.4.0,https://github.com/frsyuki/presto_sql_parser
1,1,0,1,"Jun 23, 2014",0,"Nov 13, 2015",137 KB,0,2,1,https://github.com/iconara/kreps,kreps,https://rubygems.org/gems/kreps/versions/1.0.0,https://github.com/iconara/kreps
1,0,0,0,"Mar  4, 2016",0,"Mar  4, 2016",59.6 KB,0,2,1,https://github.com/mokemokechicken/embulk-encoder-encrypted_zip,embulk-encoder-encrypted_zip,https://rubygems.org/gems/embulk-encoder-encrypted_zip/versions/0.1.1,https://github.com/mokemokechicken/embulk-encoder-encrypted_zip
2,0,0,0,"Dec  1, 2012",0,"Dec  1, 2012",3.73 MB,0,1,1,https://github.com/kiwiwin/git-sniffer,git_sniffer,https://rubygems.org/gems/git_sniffer/versions/0.0.1,https://github.com/kiwiwin/git-sniffer
2,0,0,0,"Feb  5, 2013",0,"Jun 14, 2016",147 KB,0,18,1,http://github.com/RONGHAI/l5m-tools,l5m-tools,https://rubygems.org/gems/l5m-tools/versions/0.2.0,https://github.com/RONGHAI/l5m-tools
1,0,0,0,"Jun  2, 2017",0,"Jun  2, 2017",60.5 KB,0,1,1,https://github.com/smdmts/embulk-decoder-remove_nonstandard_utf8_bytes,embulk-decoder-remove_nonstandard_utf8_bytes,https://rubygems.org/gems/embulk-decoder-remove_nonstandard_utf8_bytes/versions/0.1.0,https://github.com/smdmts/embulk-decoder-remove_nonstandard_utf8_bytes
2,0,0,0,"May 31, 2017",2,"Aug  7, 2018",37.1 MB,0,7,1,https://github.com/koooge/embulk-parser-csv_guessable,embulk-parser-csv_guessable,https://rubygems.org/gems/embulk-parser-csv_guessable/versions/0.2.0,https://github.com/koooge/embulk-parser-csv_guessable
1,0,0,0,"Aug 16, 2017",0,"Aug 16, 2017",923 KB,0,2,1,https://github.com/ebyhr/embulk-input-aster,embulk-input-aster,https://rubygems.org/gems/embulk-input-aster/versions/0.1.1,https://github.com/ebyhr/embulk-input-aster
1,0,0,0,"May 30, 2018",0,"Jun 26, 2018",72.3 KB,0,4,0,https://github.com/focuschange/embulk-output-mongodb_nest,embulk-output-mongodb_nest,https://rubygems.org/gems/embulk-output-mongodb_nest/versions/0.1.3,https://github.com/focuschange/embulk-output-mongodb_nest
1,0,0,0,"Aug 24, 2015",2,"Aug 24, 2015",184 KB,0,1,1,https://github.com/okanotor/embulk-filter-rearrange,embulk-filter-rearrange,https://rubygems.org/gems/embulk-filter-rearrange/versions/0.1.0,https://github.com/okanotor/embulk-filter-rearrange
0,0,0,0,"Apr 24, 2015",1,"May 21, 2015",258 KB,0,5,1,https://github.com/shnya/ruby_da,ruby_da,https://rubygems.org/gems/ruby_da/versions/0.0.5,https://github.com/shnya/ruby_da
1,0,0,0,"May  4, 2017",0,"Jul 31, 2019",67.4 KB,0,7,0,https://github.com/dmikurube/embulk-input-yelp,embulk-input-yelp,https://rubygems.org/gems/embulk-input-yelp/versions/0.2.5,https://github.com/dmikurube/embulk-input-yelp
3,0,0,0,"Jul 20, 2016",1,"Nov 12, 2019",188 KB,0,12,3,https://github.com/embulk/embulk-output-ftp,embulk-output-ftp,https://rubygems.org/gems/embulk-output-ftp/versions/0.2.3,https://github.com/embulk/embulk-output-ftp
1,0,1,1,"Mar  6, 2017",0,"Nov 27, 2019",700 KB,0,8,1,http://ruby-processing.github.io/WordCram/,ruby_wordcram,https://rubygems.org/gems/ruby_wordcram/versions/2.0.5,https://github.com/ruby-processing/WordCram
3,0,0,0,"Oct 11, 2015",2,"Dec  9, 2019",136 KB,0,10,6,https://github.com/embulk/embulk-output-azure_blob_storage,embulk-output-azure_blob_storage,https://rubygems.org/gems/embulk-output-azure_blob_storage/versions/0.1.9,https://github.com/embulk/embulk-output-azure_blob_storage
1,0,0,0,"Dec 16, 2019",0,"Dec 17, 2019",76.2 KB,0,2,3,https://github.com/trocco-io/embulk-output-kintone,embulk-output-kintone,https://rubygems.org/gems/embulk-output-kintone/versions/0.1.1,https://github.com/trocco-io/embulk-output-kintone
0,0,0,0,about 1 month ago,0,about 1 month ago,229 KB,0,1,0,https://github.com/lunatilia/embulk-parser-squid_clf_log,embulk-parser-squid_clf_log,https://rubygems.org/gems/embulk-parser-squid_clf_log/versions/0.2.1,https://github.com/lunatilia/embulk-parser-squid_clf_log
0,2,0,0,19 days ago,0,19 days ago,106 KB,0,1,6,https://github.com/hashgraph/logstash-output-hedera,logstash-output-hedera,https://rubygems.org/gems/logstash-output-hedera/versions/0.0.1,https://github.com/hashgraph/logstash-output-hedera
1,0,0,0,"Mar 20, 2016",0,"Mar 20, 2016",66.4 KB,0,1,1,https://github.com/muga/embulk-parser-fluentd_out_file,embulk-parser-fluentd_out_file,https://rubygems.org/gems/embulk-parser-fluentd_out_file/versions/0.1.0,https://github.com/muga/embulk-parser-fluentd_out_file
1,0,0,2,"May  7, 2016",0,"May  9, 2016",37.1 KB,0,4,1,https://github.com/davidkellis/treemap,treemap,https://rubygems.org/gems/treemap/versions/1.0.3,https://github.com/davidkellis/treemap
1,0,0,0,"Apr 18, 2016",0,"Apr 18, 2016",55.7 KB,0,1,0,https://github.com/tomykaira/embulk-input-sequence,embulk-input-sequence,https://rubygems.org/gems/embulk-input-sequence/versions/0.1.0,https://github.com/tomykaira/embulk-input-sequence
1,0,0,0,"Jun 29, 2016",0,"Jun 29, 2016",65.4 KB,0,1,1,https://github.com/yuuzi41/embulk-input-swift,embulk-input-swift,https://rubygems.org/gems/embulk-input-swift/versions/0.1.0,https://github.com/yuuzi41/embulk-input-swift
0,0,0,0,"Oct 27, 2016",0,"Oct 27, 2016",21.5 KB,0,1,1,https://github.com/kazup0n/embulk-parser-csv_with_default_value,embulk-parser-csv_with_default_value,https://rubygems.org/gems/embulk-parser-csv_with_default_value/versions/0.1.0,https://github.com/kazup0n/embulk-parser-csv_with_default_value
2,0,0,0,"Jan 13, 2017",0,"Aug 30, 2017",1.12 MB,0,4,0,https://github.com/ebyhr/embulk-output-teradata,embulk-output-teradata,https://rubygems.org/gems/embulk-output-teradata/versions/0.1.3,https://github.com/ebyhr/embulk-output-teradata
1,0,0,0,"Mar 19, 2018",0,"Mar 29, 2018",68.4 KB,0,3,0,https://github.com/ntkes3/embulk-decoder-lzo,embulk-decoder-lzo,https://rubygems.org/gems/embulk-decoder-lzo/versions/0.1.2,https://github.com/ntkes3/embulk-decoder-lzo
1,0,0,0,"Jun 20, 2018",0,"Jun 20, 2018",19.5 KB,0,1,1,https://github.com/ksss/embulk-decoder-exec,embulk-decoder-exec,https://rubygems.org/gems/embulk-decoder-exec/versions/0.1.0,https://github.com/ksss/embulk-decoder-exec
,4,2,5,"Nov 26, 2013",,"Mar 28, 2014",,,77,,https://github.com/peter-edge/jprotobuf_ruby,jprotobuf,https://rubygems.org/gems/jprotobuf/versions/1.2.20140328.21.19.23,https://github.com/peter-edge/jprotobuf_ruby
1,0,0,0,"Aug 10, 2014",0,"Aug 10, 2014",1.51 MB,0,1,0,http://github.com/remi/andrake,remi-andrake,https://rubygems.org/gems/remi-andrake/versions/0.1.0,https://github.com/remi/andrake
1,0,0,0,"Mar  7, 2016",0,"Mar  7, 2016",15.6 KB,0,2,24,https://github.com/burtcorp/murmurhash-jruby,murmurhash-jruby,https://rubygems.org/gems/murmurhash-jruby/versions/1.0.0.pre1,https://github.com/burtcorp/murmurhash-jruby
1,1,0,0,"Aug 21, 2015",0,"Aug 21, 2015",176 KB,0,4,1,https://github.com/baba5246/norikra-udf-anomaly,norikra-udf-anomaly,https://rubygems.org/gems/norikra-udf-anomaly/versions/0.0.4,https://github.com/baba5246/norikra-udf-anomaly
1,0,0,0,"Dec  7, 2015",0,"Dec  3, 2017",83 KB,0,11,1,https://bitbucket.org/haibison/geohash12/,geohash12,https://rubygems.org/gems/geohash12/versions/4.1.1,https://bitbucket.org/haibison/geohash12
1,0,0,0,"Nov 20, 2015",1,"Sep 15, 2016",81.1 KB,1,4,1,https://github.com/toyama0919/embulk-filter-split,embulk-filter-split,https://rubygems.org/gems/embulk-filter-split/versions/0.2.0,https://github.com/toyama0919/embulk-filter-split
1,0,0,0,"Oct  2, 2018",0,"Oct  3, 2018",63.5 KB,0,2,1,https://github.com/tac0x2a/embulk-input-clickhouse,embulk-input-clickhouse,https://rubygems.org/gems/embulk-input-clickhouse/versions/0.1.1,https://github.com/tac0x2a/embulk-input-clickhouse
1,0,0,0,"Nov 23, 2015",0,"May 12, 2018",804 KB,0,7,3,http://ruby-processing.github.io/geomerativegem/,geomerative,https://rubygems.org/gems/geomerative/versions/1.0.2,https://github.com/ruby-processing/geomerativegem
3,0,0,0,about 1 month ago,0,about 1 month ago,142 KB,0,1,63,https://github.com/treasure-data/embulk-filter-decrypt,embulk-filter-decrypt,https://rubygems.org/gems/embulk-filter-decrypt/versions/0.1.1,https://github.com/treasure-data/embulk-filter-decrypt
6,0,0,0,"Oct 16, 2014",0,"Oct 16, 2014",3.07 MB,0,1,15,https://github.com/ThoughtWorksStudios/jruby-memcached,jruby-memcached-thoughtworks,https://rubygems.org/gems/jruby-memcached-thoughtworks/versions/0.6.0,https://github.com/ThoughtWorksStudios/jruby-memcached
1,1,0,0,"May 22, 2013",0,"May 22, 2013",69.3 KB,0,3,1,http://github.com/rynr/pandur,pandur,https://rubygems.org/gems/pandur/versions/0.0.2,https://github.com/rynr/pandur
1,1,0,0,"Mar 11, 2014",0,"Mar 11, 2014",105 KB,0,1,1,http://github.com/hexgnu/reem,reem,https://rubygems.org/gems/reem/versions/0.0.1,https://github.com/hexgnu/reem
1,0,0,0,"Nov 27, 2016",0,"Nov 27, 2016",202 KB,0,1,1,https://github.com/oqrusk/embulk-filter-reverse_geocoding,embulk-filter-reverse_geocoding,https://rubygems.org/gems/embulk-filter-reverse_geocoding/versions/0.1.0,https://github.com/oqrusk/embulk-filter-reverse_geocoding
0,0,0,0,"Dec 31, 2016",0,"Dec 31, 2016",215 KB,0,8,1,https://github.com/tristanls/embulk-output-elasticsearch,embulk-output-elasticsearch5,https://rubygems.org/gems/embulk-output-elasticsearch5/versions/0.1.7,https://github.com/tristanls/embulk-output-elasticsearch
1,0,0,0,"Oct  2, 2017",0,"Oct  2, 2017",1010 KB,0,2,1,https://github.com/ebyhr/embulk-output-aster,embulk-output-aster,https://rubygems.org/gems/embulk-output-aster/versions/0.0.2,https://github.com/ebyhr/embulk-output-aster
0,0,0,0,"Jan 13, 2017",1,"Jul 15, 2017",1.04 MB,0,2,0,https://github.com/ebyhr/embulk-input-teradata,embulk-input-teradata,https://rubygems.org/gems/embulk-input-teradata/versions/0.1.2,https://github.com/ebyhr/embulk-input-teradata
0,0,0,0,"Nov 19, 2017",0,"Nov 19, 2017",13.7 KB,0,1,1,https://github.com/mach-kernel/jruby-stemmer,jruby-stemmer-other,https://rubygems.org/gems/jruby-stemmer-other/versions/0.0.2,https://github.com/mach-kernel/jruby-stemmer
0,0,0,0,"Jun  8, 2017",0,"Jun  8, 2017",209 KB,0,1,1,https://github.com/hiroyuki-sato/embulk-parser-joni_regexp,embulk-parser-joni_regexp,https://rubygems.org/gems/embulk-parser-joni_regexp/versions/0.1.0,https://github.com/hiroyuki-sato/embulk-parser-joni_regexp
1,0,0,0,"Mar 10, 2018",0,"Mar 10, 2018",0 Bytes,0,2,0,https://github.com/mic-kul/pdf-textstream,pdf-textstream,https://rubygems.org/gems/pdf-textstream/versions/0.1.1,https://github.com/mic-kul/pdf-textstream
1,0,0,0,"Jul 24, 2015",0,"Mar 24, 2016",1.89 MB,0,10,1,https://github.com/jmcaffee/gdlc,gdlc,https://rubygems.org/gems/gdlc/versions/3.1.3.1,https://github.com/jmcaffee/gdlc
1,0,0,1,"Mar 31, 2019",0,"Apr 26, 2019",133 KB,0,8,1,https://github.com/kamatama41/embulk-executor-remoteserver,embulk-executor-remoteserver,https://rubygems.org/gems/embulk-executor-remoteserver/versions/0.4.0,https://github.com/kamatama41/embulk-executor-remoteserver
7,1,0,0,"Jan 14, 2011",0,"Apr  7, 2014",509 KB,0,12,36,http://github.com/liquidm/geoipdb,geoipdb,https://rubygems.org/gems/geoipdb/versions/1.0.1,https://github.com/liquidm/geoipdb
1,0,0,0,"Oct 11, 2019",0,"Nov 12, 2019",97.7 KB,0,4,3,https://github.com/trocco-io/embulk-input-kintone,embulk-input-kintone,https://rubygems.org/gems/embulk-input-kintone/versions/0.1.3,https://github.com/trocco-io/embulk-input-kintone
1,0,0,0,"Sep 12, 2019",0,"Jan  6, 2020",102 KB,0,8,2,https://github.com/joker1007/embulk-output-kafka,embulk-output-kafka,https://rubygems.org/gems/embulk-output-kafka/versions/0.1.7,https://github.com/joker1007/embulk-output-kafka
1,0,0,0,21 days ago,0,19 days ago,86.9 KB,0,2,1,https://github.com/cosmo0920/embulk-input-cloudwatch_logs,embulk-input-cloudwatch_logs,https://rubygems.org/gems/embulk-input-cloudwatch_logs/versions/0.1.1,https://github.com/cosmo0920/embulk-input-cloudwatch_logs
1,0,0,0,"Jun 24, 2014",0,"Jun 24, 2014",148 KB,0,2,1,http://github.com/hypertornado/czech-stemmer,czech-stemmer,https://rubygems.org/gems/czech-stemmer/versions/1.0.0,https://github.com/hypertornado/czech-stemmer
1,0,0,0,"Jun  2, 2014",0,"Jun  2, 2014",168 KB,0,1,1,http://github.com/dougpetronilio/SortingServiceBooks,SortingServiceBooks,https://rubygems.org/gems/SortingServiceBooks/versions/0.1.1,https://github.com/dougpetronilio/SortingServiceBooks
1,0,0,0,"Mar 31, 2015",0,"Sep 12, 2015",277 KB,0,4,1,https://github.com/kakusuke/embulk-output-postgres-udf,embulk-output-postgres-udf,https://rubygems.org/gems/embulk-output-postgres-udf/versions/0.2.0,https://github.com/kakusuke/embulk-output-postgres-udf
2,0,0,0,"Apr 16, 2018",0,"Apr 17, 2018",103 KB,0,3,1,https://github.com/shinji19/embulk-input-athena,embulk-input-athena,https://rubygems.org/gems/embulk-input-athena/versions/0.1.2,https://github.com/shinji19/embulk-input-athena
1,0,0,0,"Nov 16, 2016",0,"Jan 31, 2017",74.2 KB,0,3,1,https://github.com/ysk24ok/embulk-filter-base64,embulk-filter-base64,https://rubygems.org/gems/embulk-filter-base64/versions/0.2.0,https://github.com/ysk24ok/embulk-filter-base64
4,1,1,1,"Oct  8, 2016",1,"Jul 25, 2017",4.21 MB,0,4,1,https://github.com/Rea-lity-Tech/skatolo,skatolo,https://rubygems.org/gems/skatolo/versions/1.1.3,https://github.com/Rea-lity-Tech/skatolo
1,0,0,0,"Jul 15, 2018",0,"Jul 15, 2018",19.5 KB,0,1,1,https://github.com/ksss/embulk-decoder-command,embulk-decoder-command,https://rubygems.org/gems/embulk-decoder-command/versions/0.2.0,https://github.com/ksss/embulk-decoder-command
1,0,0,0,"Jul  1, 2018",0,"Oct 10, 2018",87.9 KB,0,4,1,https://github.com/joker1007/embulk-output-cassandra,embulk-output-cassandra,https://rubygems.org/gems/embulk-output-cassandra/versions/0.3.0,https://github.com/joker1007/embulk-output-cassandra
1,0,0,0,"Oct  6, 2018",0,"Oct  6, 2018",246 KB,0,1,1,https://github.com/pablotron/luigi-template,luigi-template,https://rubygems.org/gems/luigi-template/versions/0.5.0,https://github.com/pablotron/luigi-template
1,0,0,1,"Oct 27, 2015",0,"Oct 27, 2015",54.7 KB,0,1,0,https://github.com/sonots/embulk-filter-stdout,embulk-filter-stdout,https://rubygems.org/gems/embulk-filter-stdout/versions/0.1.0,https://github.com/sonots/embulk-filter-stdout
1,0,1,1,"May 11, 2016",0,"Jun  1, 2016",71.3 KB,0,3,1,http://github.com/abargnesi/dbm-mapdb3,dbm-mapdb3,https://rubygems.org/gems/dbm-mapdb3/versions/0.6.0.beta.3,https://github.com/abargnesi/dbm-mapdb3
1,0,0,0,"May  1, 2016",3,"Sep 27, 2017",66.4 KB,0,4,1,https://github.com/yskn67/embulk-filter-split_column,embulk-filter-split_column,https://rubygems.org/gems/embulk-filter-split_column/versions/0.1.3,https://github.com/yskn67/embulk-filter-split_column
1,0,0,0,"Mar 25, 2016",0,"Apr  6, 2016",59.6 KB,0,4,1,https://github.com/toyama0919/embulk-filter-crawler,embulk-filter-crawler,https://rubygems.org/gems/embulk-filter-crawler/versions/0.1.3,https://github.com/toyama0919/embulk-filter-crawler
1,0,0,0,"Jun 11, 2016",0,"Jun 26, 2016",1.32 MB,0,2,1,https://github.com/tzmfreedom/embulk-output-analytics_cloud,embulk-output-analytics_cloud,https://rubygems.org/gems/embulk-output-analytics_cloud/versions/0.1.1,https://github.com/tzmfreedom/embulk-output-analytics_cloud
1,0,0,0,"Aug 31, 2016",1,"Sep 12, 2016",71.3 KB,0,2,1,https://github.com/AlexPeng19/embulk-output-trafodion,embulk-output-trafodion,https://rubygems.org/gems/embulk-output-trafodion/versions/0.1.1,https://github.com/AlexPeng19/embulk-output-trafodion
1,0,0,0,"Jan 26, 2017",0,"Jan 26, 2017",70.3 KB,0,1,1,https://github.com/ysk24ok/embulk-filter-protobuf,embulk-filter-protobuf,https://rubygems.org/gems/embulk-filter-protobuf/versions/0.1.0,https://github.com/ysk24ok/embulk-filter-protobuf
0,0,0,0,"Aug 17, 2017",0,"Aug 17, 2017",1.27 MB,0,1,7,https://github.com/everypolitician/daff,everypolitician-daff,https://rubygems.org/gems/everypolitician-daff/versions/1.3.26,https://github.com/everypolitician/daff
1,0,0,0,"Nov  5, 2018",0,"Jan 15, 2019",65.4 KB,0,3,1,https://github.com/abrandoned/protobuf_java_helpers,protobuf_java_helpers,https://rubygems.org/gems/protobuf_java_helpers/versions/0.2.0,https://github.com/abrandoned/protobuf_java_helpers
2,0,0,0,"Nov 20, 2017",2,"Nov 28, 2019",90.8 KB,0,11,1,https://github.com/jo8937/embulk-input-bigquery_extract_files,embulk-input-bigquery_extract_files,https://rubygems.org/gems/embulk-input-bigquery_extract_files/versions/0.0.12,https://github.com/jo8937/embulk-input-bigquery_extract_files
1,0,0,0,"Feb 10, 2020",0,"Feb 10, 2020",65.4 KB,0,1,1,https://github.com/kakoni/embulk-output-clickhouse,embulk-output-clickhouse,https://rubygems.org/gems/embulk-output-clickhouse/versions/0.1.4,https://github.com/kakoni/embulk-output-clickhouse
1,0,0,0,"Jul 17, 2018",0,"Jul 17, 2018",57.6 KB,0,1,1,https://github.com/ksss/embulk-encoder-command,embulk-encoder-command,https://rubygems.org/gems/embulk-encoder-command/versions/0.1.0,https://github.com/ksss/embulk-encoder-command
0,0,0,0,"May 16, 2014",1,"May 20, 2014",188 KB,0,4,1,http://www.github.com/cschneid/noaaish,noaaish,https://rubygems.org/gems/noaaish/versions/2.1.0,https://github.com/cschneid/noaaish
3,6,0,0,"Apr 27, 2013",2,"Sep 27, 2013",1.3 MB,0,2,9,http://github.com/glg/AutoComplete,tasc,https://rubygems.org/gems/tasc/versions/0.1.1,https://github.com/glg/AutoComplete
1,0,0,0,"Nov 20, 2017",0,"Nov 25, 2017",63.5 KB,0,2,1,https://github.com/jo8937/embulk-parser-csv_with_schema_file,embulk-parser-csv_with_schema_file,https://rubygems.org/gems/embulk-parser-csv_with_schema_file/versions/0.0.2,https://github.com/jo8937/embulk-parser-csv_with_schema_file
0,0,0,0,"Dec 10, 2017",0,"Dec 12, 2017",38.1 KB,0,4,1,https://github.com/rjasper/treemap,treemap-fork,https://rubygems.org/gems/treemap-fork/versions/1.0.4.2,https://github.com/rjasper/treemap
1,2,0,0,"Oct  2, 2015",0,"Apr 17, 2017",5.81 MB,0,3,1,https://github.com/medjed/embulk-input-google_spreadsheets,embulk-input-google_spreadsheets,https://github.com/kataring/embulk-input-google_spreadsheets,https://github.com/medjed/embulk-input-google_spreadsheets
1,0,0,0,"Mar  5, 2016",1,"Mar  5, 2016",59.6 KB,0,1,1,https://github.com/arenahito/embulk-filter-timestamp_hs,embulk-filter-timestamp_hs,https://rubygems.org/gems/embulk-filter-timestamp_hs/versions/0.1.0,https://github.com/arenahito/embulk-filter-timestamp_hs
3,0,0,0,"Mar  2, 2016",0,"Mar  2, 2016",84 KB,0,2,0,https://github.com/potix2/embulk-output-maprfs,embulk-output-maprfs,https://rubygems.org/gems/embulk-output-maprfs/versions/0.2.3,https://github.com/potix2/embulk-output-maprfs
1,0,0,0,"Aug 19, 2016",0,"Aug 19, 2016",60.5 KB,0,1,1,https://github.com/hiroyuki-sato/embulk-filter-null_string,embulk-filter-null_string,https://rubygems.org/gems/embulk-filter-null_string/versions/0.1.0,https://github.com/hiroyuki-sato/embulk-filter-null_string
1,0,0,0,"Aug 19, 2016",2,"Aug 19, 2016",96.7 KB,0,1,2,https://github.com/hiroyuki-sato/embulk-filter-calc,embulk-filter-calc,https://rubygems.org/gems/embulk-filter-calc/versions/0.1.0,https://github.com/hiroyuki-sato/embulk-filter-calc
1,0,0,0,"Jun 29, 2016",1,"Jun 29, 2016",57.6 KB,0,1,1,https://github.com/yuuzi41/embulk-output-swift,embulk-output-swift,https://rubygems.org/gems/embulk-output-swift/versions/0.1.0,https://github.com/yuuzi41/embulk-output-swift
8,0,0,0,"Jun 24, 2016",0,"Jun 24, 2016",164 KB,0,2,1,https://github.com/shinjiikeda/embulk-output-elasticsearch,embulk-output-elasticsearch_1.x,https://rubygems.org/gems/embulk-output-elasticsearch_1.x/versions/0.1.8.1,https://github.com/shinjiikeda/embulk-output-elasticsearch
1,0,0,0,"Nov 28, 2015",0,"Dec  6, 2015",83 KB,0,3,1,https://github.com/haibison/geohash3212/,geohash3212,https://github.com/haibison/geohash3212,https://github.com/haibison/geohash3212/
1,0,0,0,"Oct 29, 2015",1,"Oct 29, 2015",82 KB,0,2,1,https://github.com/civitaspo/embulk-filter-json_key,embulk-filter-json_key,https://rubygems.org/gems/embulk-filter-json_key/versions/0.0.2,https://github.com/civitaspo/embulk-filter-json_key
1,0,0,0,"Jan  8, 2017",0,"Apr 29, 2019",3.35 MB,0,5,1,https://ruby-processing.github.io/joonsrenderer/,joonsrenderer,https://rubygems.org/gems/joonsrenderer/versions/1.2.0,https://github.com/ruby-processing/joonsrenderer
27,1,2,0,"Aug 26, 2016",1,"Feb 17, 2017",10.8 MB,0,8,7,https://github.com/salsify/avro,avro-salsify-fork,https://rubygems.org/gems/avro-salsify-fork/versions/1.9.0.5,https://github.com/salsify/avro
3,1,0,3,"Feb  5, 2015",1,"May  2, 2015",664 KB,0,3,2,https://github.com/mohanraj-ramanujam/pdfjs,pdfjs,https://rubygems.org/gems/pdfjs/versions/0.0.3,https://github.com/mohanraj-ramanujam/pdfjs
1,0,0,0,"Mar 24, 2015",0,"Dec 18, 2017",872 KB,0,12,2,http://ruby-processing.github.io/toxicgem/,toxiclibs,https://rubygems.org/gems/toxiclibs/versions/1.0.0,https://github.com/ruby-processing/toxicgem
1,0,0,0,"Oct 28, 2019",0,"Oct 28, 2019",0 Bytes,0,1,1,https://github.com/joker1007/embulk-filter-murmur2_partitioner,embulk-filter-murmur2_partitioner,https://rubygems.org/gems/embulk-filter-murmur2_partitioner/versions/0.1.0,https://github.com/joker1007/embulk-filter-murmur2_partitioner
